#{"t_start": 1770626298.5408156, "env_id": "AdroitHandRelocate-v1"}
r,l,t
21.3,100,1.385862
37.6,100,1.450121
28.0,100,1.512707
40.6,100,1.587438
22.2,100,1.667686
32.7,100,1.738277
39.0,100,1.81673
38.6,100,1.887495
22.3,100,1.959393
36.1,100,2.031292
42.1,100,3.062211
43.7,100,3.917122
31.2,100,4.736426
-185.140002,100,5.551951
-199.489907,100,6.405577
-328.1,100,7.201077
97.347833,100,7.988986
-158.306849,100,8.816071
-205.381338,100,9.653675
17.3,100,10.437007
-247.564448,100,11.725621
45.1,100,12.609844
-219.910769,100,13.419252
-219.646947,100,14.256826
30.3,100,15.111672
12.85376,100,15.93552
27.5,100,16.830957
69.536766,100,17.642754
37.8,100,18.500125
43.8,100,19.320335
44.9,100,20.093992
48.1,100,20.894345
47.4,100,21.67145
47.1,100,22.451257
46.0,100,23.262177
38.6,100,24.042391
49.5,100,24.798262
49.3,100,25.69711
49.4,100,26.590848
48.7,100,27.437639
49.5,100,28.635838
49.5,100,29.482828
45.3,100,30.36237
27.8,100,31.216108
24.3,100,32.130112
24.5,100,33.022429
28.1,100,33.847568
15.5,100,34.650767
60.28081,100,35.516121
-263.341444,100,36.341991
40.0,100,37.228617
-7.330439,100,38.118301
80.199919,100,38.944805
48.641538,100,39.722919
-35.31974,100,40.509251
-240.066572,100,41.324082
-140.920177,100,42.140695
-249.43003,100,42.956245
41.509009,100,43.776074
71.156587,100,44.562856
41.0,100,45.87441
43.3,100,46.75114
23.4,100,47.646332
24.4,100,48.553614
-90.081424,100,49.479674
-40.3813,100,50.362237
19.2,100,51.18533
26.8,100,51.965644
38.2,100,52.764911
44.711543,100,53.541328
-55.222424,100,54.375342
22.0,100,55.166298
35.5,100,56.037215
35.5,100,56.833738
93.841252,100,57.645763
-137.357851,100,58.467999
43.5,100,59.287129
-194.1,100,60.092901
37.8,100,60.893794
-329.5,100,61.700639
-305.9,100,62.873447
-220.390289,100,63.747177
-213.541702,100,64.607677
-177.847184,100,65.445448
-193.376783,100,66.224165
-209.579039,100,66.974388
-237.722013,100,67.740212
29.5,100,68.487376
-118.892503,100,69.225509
22.2,100,70.026638
32.2,100,70.761657
25.0,100,71.508756
32.2,100,72.240053
31.6,100,73.033576
27.9,100,73.810917
29.1,100,74.549683
-87.372976,100,75.349452
-223.801355,100,76.129945
-313.2,100,76.914093
-203.771578,100,77.717883
-240.178348,100,78.874646
-284.7,100,79.652478
-206.593842,100,80.399947
-282.5,100,81.203442
-214.804411,100,82.036525
-213.532065,100,82.801796
-210.658856,100,83.621014
-280.2,100,84.434375
-345.6,100,85.201336
-331.2,100,85.945569
93.412947,100,86.697521
47.9,100,87.46975
-303.7,100,88.231864
-368.6,100,88.97164
-312.4,100,89.773317
-312.2,100,90.571131
-292.3,100,91.349277
-321.8,100,92.110191
30.9,100,92.853875
85.477138,100,93.652134
34.1,100,94.991825
30.6,100,95.826792
-311.0,100,96.662053
44.9,100,97.42757
44.3,100,98.189836
27.4,100,98.904821
-350.7,100,99.621141
-350.4,100,100.380617
-249.9,100,101.173841
46.8,100,101.93196
45.2,100,102.675728
44.8,100,103.411606
44.4,100,104.172081
46.8,100,104.937938
44.3,100,105.728124
46.7,100,106.486641
46.9,100,107.268129
44.9,100,108.034292
-54.9,100,108.946999
31.0,100,109.895415
42.0,100,111.132089
47.3,100,112.000343
41.9,100,112.797177
45.5,100,113.703096
36.4,100,114.625225
44.0,100,115.515925
43.6,100,116.548643
40.8,100,117.510846
39.5,100,118.493797
41.8,100,119.594949
39.1,100,120.54847
39.7,100,121.566448
42.2,100,122.497449
44.0,100,123.509928
44.5,100,124.433559
38.4,100,125.37313
42.2,100,126.297526
35.4,100,127.203256
34.1,100,128.162778
-74.9,100,129.04295
36.6,100,130.322228
34.7,100,131.159736
34.9,100,132.033886
39.8,100,132.872967
36.8,100,133.750334
38.7,100,134.630118
36.8,100,135.500281
35.4,100,136.391961
34.3,100,137.343745
43.2,100,138.295491
47.6,100,139.180935
46.5,100,140.037615
46.8,100,140.943573
41.3,100,141.873527
44.1,100,142.771193
41.7,100,143.618445
43.1,100,144.457125
46.2,100,145.304513
39.0,100,146.171982
38.2,100,147.173645
45.5,100,148.399441
-27.8,100,149.270082
-343.5,100,150.130088
-280.8,100,150.904067
34.2,100,151.691617
47.5,100,152.513977
49.0,100,153.311809
40.6,100,154.096551
37.0,100,154.890433
-244.1,100,155.676281
45.0,100,156.455475
45.2,100,157.245811
40.8,100,157.986681
36.8,100,158.741122
16.2,100,159.490616
44.2,100,160.235631
48.4,100,161.120561
48.7,100,161.890405
48.9,100,162.670187
48.7,100,163.557727
49.1,100,164.841376
49.1,100,165.739119
49.0,100,166.615085
49.2,100,167.56302
48.6,100,168.552646
49.0,100,169.488474
48.8,100,170.433516
49.3,100,171.268019
48.9,100,172.123144
46.2,100,172.995907
47.1,100,173.745989
48.2,100,174.522674
48.4,100,175.341858
48.7,100,176.166774
48.5,100,177.016661
45.0,100,177.860616
-344.9,100,178.729093
46.6,100,179.558272
-301.3,100,180.39382
45.1,100,181.258909
41.4,100,182.513388
44.3,100,183.368251
-326.7,100,184.267948
-336.3,100,185.176372
-269.8,100,186.077745
-302.5,100,186.95732
-317.0,100,187.824001
-289.3,100,188.718718
83.0,75,189.385899
46.0,100,190.328963
-295.7,100,191.219004
47.3,100,192.058985
-209.152674,100,192.966616
-265.5,100,193.827482
-336.3,100,194.763233
46.8,100,195.618822
-298.0,100,196.462435
-333.4,100,197.308775
-315.3,100,198.189009
-191.2,100,199.056879
86.8,88,200.198893
-337.4,100,201.157058
-322.3,100,202.08081
-320.1,100,203.019381
45.6,100,203.98192
-332.0,100,204.913269
-235.9,100,205.758997
-308.5,100,206.570768
44.6,100,207.37753
45.6,100,208.188709
43.6,100,209.039222
-290.6,100,209.793516
-287.0,100,210.565374
-287.2,100,211.320348
47.2,100,212.052185
47.4,100,212.833592
48.4,100,213.633369
47.4,100,214.378069
45.8,100,215.203458
48.2,100,216.001191
47.7,100,217.347571
46.6,100,218.216731
48.2,100,219.149146
47.7,100,220.003101
46.9,100,220.837913
47.0,100,221.644036
-32.6,100,222.413973
49.8,100,223.233392
64.6,34,223.50569
42.9,100,224.323665
39.7,100,225.100809
80.978865,100,225.892093
42.0,100,226.670449
47.2,100,227.507336
43.6,100,228.277094
43.7,100,229.081601
46.5,100,229.847257
41.1,100,230.62149
47.0,100,231.400847
39.8,100,232.236761
47.6,100,233.02103
37.3,100,234.311132
-346.4,100,235.095895
10.0,100,235.953044
34.4,100,236.823723
42.6,100,237.608014
39.8,100,238.401116
44.8,100,239.245784
44.4,100,240.087122
42.4,100,240.898827
42.1,100,241.666656
46.7,100,242.469867
45.1,100,243.370367
43.8,100,244.333262
42.6,100,245.35831
46.0,100,246.307157
-289.3,100,247.188315
43.6,100,248.085823
49.2,100,248.983929
41.7,100,249.819076
49.3,100,250.68589
-20.3,100,251.960449
-39.49247,100,252.926434
-264.618487,100,253.771543
40.4,100,254.686994
70.496545,100,255.627113
-171.053568,100,256.497021
34.3,100,257.321753
96.431472,100,258.176567
10.913944,100,259.032288
28.6,100,259.861349
41.4,100,260.725302
98.413599,100,261.517786
37.9,100,262.388978
-116.1,100,263.236517
44.7,100,264.062033
41.8,100,264.901258
38.9,100,265.764354
148.989635,100,266.642958
-67.066795,100,267.490186
-205.652045,100,268.313142
141.372719,100,269.492479
-266.249302,100,270.342605
90.886285,100,271.1669
35.7,100,271.965581
33.9,100,272.712955
34.2,100,273.532492
30.8,100,274.378658
33.9,100,275.235213
73.58392,100,276.073533
31.1,100,276.894052
106.467268,100,277.767696
33.5,100,278.623919
31.9,100,279.486181
-227.593012,100,280.342866
-288.14275,100,281.226132
25.6,100,282.16111
20.7,100,283.024674
18.4,100,283.822523
23.9,100,284.639443
26.7,100,285.440698
29.4,100,286.680061
23.8,100,287.469098
23.9,100,288.36003
26.9,100,289.168965
26.3,100,290.025712
21.2,100,290.841799
29.2,100,291.82499
31.3,100,292.729292
46.1,100,293.704403
47.1,100,294.614908
46.3,100,295.559962
39.2,100,296.388581
49.0,100,297.215373
49.2,100,298.051295
35.5,100,298.949093
35.0,100,299.830812
41.5,100,300.607875
-51.146549,100,301.379467
46.4,100,302.136739
39.6,100,302.889189
35.2,100,304.067402
40.3,100,304.949557
44.5,100,305.835848
47.2,100,306.745865
47.4,100,307.49045
46.4,100,308.255788
44.6,100,309.031253
46.2,100,309.820778
41.4,100,310.581498
40.0,100,311.334188
24.0,100,312.061122
42.7,100,312.903955
30.4,100,313.738757
43.9,100,314.52674
27.7,100,315.267865
29.7,100,316.04937
31.9,100,316.811036
28.3,100,317.532451
-265.7,100,318.308185
30.6,100,319.085986
41.2,100,320.235761
-163.5,100,321.070983
41.2,100,321.921101
48.6,100,322.766068
48.4,100,323.529133
23.7,100,324.294145
20.9,100,325.046945
32.3,100,325.81313
26.9,100,326.584082
31.9,100,327.374992
42.1,100,328.159828
41.3,100,328.996822
40.9,100,329.75515
41.3,100,330.506593
41.4,100,331.265662
42.3,100,332.037916
44.7,100,332.767245
36.6,100,333.508578
-325.6,100,334.333961
-305.0,100,335.18561
-256.5,100,336.509567
42.0,100,337.283034
44.7,100,338.035868
-308.9,100,338.794277
39.6,100,339.588856
45.9,100,340.358496
-90.1,100,341.134088
32.2,100,341.924356
42.2,100,342.70345
34.1,100,343.571633
45.3,100,344.375818
-267.4,100,345.171326
-85.2,100,345.957952
41.2,100,346.823852
-107.912229,100,347.601657
-327.0,100,348.410629
38.1,100,349.172346
31.1,100,349.954866
35.5,100,350.704162
29.6,100,351.480891
-31.500928,100,352.642615
33.0,100,353.541026
39.8,100,354.335694
35.9,100,355.132261
38.1,100,355.98687
37.3,100,356.814518
39.0,100,357.638234
39.4,100,358.452417
121.487056,100,359.317247
34.4,100,360.172402
40.0,100,361.111996
42.6,100,362.010258
16.7,100,362.938952
-267.0,100,363.809743
32.7,100,364.667161
43.9,100,365.502198
41.0,100,366.350165
45.3,100,367.178187
42.8,100,367.993207
41.9,100,368.825146
34.9,100,370.052856
-67.890485,100,370.871274
-324.8,100,371.700668
-33.0,100,372.595239
-61.6,100,373.464592
24.4,100,374.324842
38.8,100,375.219687
40.9,100,376.085883
38.4,100,376.969558
-73.767765,100,377.800668
-76.54708,100,378.686672
-20.121082,100,379.528379
-317.9,100,380.360437
-124.283537,100,381.224573
257.904255,100,382.201882
-86.15321,100,383.075491
-83.280684,100,383.948149
-74.33212,100,384.788914
-9.576368,100,385.659664
-90.035295,100,386.571598
17.7,100,387.782393
20.1,100,388.626386
21.5,100,389.432897
24.4,100,390.330984
27.0,100,391.23734
20.1,100,392.187983
26.3,100,393.10111
-19.610645,100,393.954654
-50.009572,100,394.721747
-93.330292,100,395.48053
-15.469467,100,396.248115
-36.762652,100,396.989498
-20.240966,100,397.761406
-17.613523,100,398.585261
262.307009,100,399.522074
-36.745792,100,400.445245
-14.044233,100,401.335978
125.990279,100,402.239131
-54.792086,100,403.142118
-9.846729,100,404.043762
3.370495,100,405.270015
-7.738338,100,406.180479
-9.163007,100,407.070712
34.849592,100,407.98554
-24.626144,100,408.859641
312.478318,100,409.886378
-16.890266,100,410.743403
264.274064,100,411.589532
177.715777,100,412.450931
217.177605,100,413.287674
221.994077,100,414.119324
270.180289,100,414.965484
164.974128,100,415.844257
106.799229,100,416.783891
216.858532,100,417.681982
-49.524419,100,418.636137
366.017751,100,419.672538
-45.952865,100,420.659604
272.484946,100,421.640675
57.973894,100,422.559423
266.456089,100,423.916514
417.248459,100,424.83549
360.785426,100,425.81551
320.724107,100,426.799949
416.387441,100,427.795624
297.334216,100,428.780375
354.610359,100,429.746459
401.316408,100,430.742487
386.364253,100,431.747948
78.661835,100,432.761024
326.530991,100,433.801215
149.597132,100,434.79854
254.240857,100,435.803301
254.788189,100,436.817145
196.346854,100,437.678205
361.725293,100,438.64441
398.211478,100,439.688089
256.131868,100,440.575734
401.218,100,441.626972
267.573378,100,442.607595
264.91483,100,443.894223
299.103865,100,444.821517
227.138143,100,445.636836
-53.861956,100,446.441623
361.758217,100,447.279464
220.066437,100,448.063796
33.5,100,448.853912
206.421505,100,449.715967
229.921483,100,450.552598
379.171202,100,451.488294
158.72681,100,452.356441
-63.094955,100,453.190929
95.387928,100,454.014423
327.94753,100,454.935137
231.478137,100,455.739029
-185.652945,100,456.539514
412.360382,100,457.503525
40.6,100,458.335128
39.4,100,459.207998
41.4,100,460.06936
80.73417,100,461.401411
34.0,100,462.222803
35.5,100,463.073076
40.4,100,463.914155
25.154725,100,464.792611
29.454068,100,465.576007
162.297779,100,466.314821
89.844551,100,467.065007
54.116491,100,467.82127
145.720174,100,468.586383
41.5,100,469.330901
-10.1,100,470.123514
68.639437,100,470.907645
-213.561017,100,471.616698
-214.2,100,472.344323
36.7,100,473.088456
44.7,100,473.847778
-25.4,100,474.595375
119.075508,100,475.421844
-22.0,100,476.238877
-183.229679,100,477.450696
30.1,100,478.263511
-237.9,100,479.09765
33.4,100,479.947942
34.9,100,480.778631
29.9,100,481.612879
21.5,100,482.471148
31.3,100,483.329012
-228.2,100,484.155617
20.7,100,484.984946
27.0,100,485.797216
-269.3,100,486.599554
34.1,100,487.44193
42.1,100,488.294079
35.1,100,489.166192
56.751996,100,490.060341
36.0,100,490.884998
-141.1,100,491.73037
90.040885,100,492.528762
44.8,100,493.35544
42.8,100,494.600976
43.0,100,495.470609
43.2,100,496.392382
40.2,100,497.250799
43.0,100,498.127435
46.0,100,499.041925
47.1,100,499.930202
42.0,100,500.745517
29.1,100,501.597829
45.0,100,502.34772
39.2,100,503.157906
34.5,100,503.977745
41.7,100,504.79596
42.7,100,505.613658
32.4,100,506.430123
32.4,100,507.289496
39.3,100,508.124672
-156.947053,100,508.901683
41.8,100,509.781187
42.6,100,510.647848
42.5,100,511.897504
83.982939,35,512.17181
36.6,100,512.969684
31.4,100,513.835728
-315.0,100,514.6229
40.3,100,515.534809
41.9,100,516.36252
14.88161,100,517.218459
34.0,100,518.078467
-60.066315,100,518.882659
27.2,100,519.712664
30.2,100,520.587824
287.861341,100,521.535728
41.1,100,522.414894
-116.6,100,523.278287
44.5,100,524.223761
178.339124,100,525.132533
221.282716,100,526.11176
38.4,100,527.070306
40.5,100,528.062113
46.6,100,529.421942
24.8,100,530.416342
42.1,100,531.403185
39.2,100,532.381182
31.8,100,533.34611
30.6,100,534.164641
110.437574,100,535.006411
-96.3,100,535.783682
39.7,100,536.595429
40.5,100,537.350013
41.2,100,538.131779
-72.8,100,538.902921
38.0,100,539.673137
45.2,100,540.480087
47.6,100,541.248429
46.5,100,542.039192
47.8,100,542.864987
48.1,100,543.776944
43.3,100,544.660134
45.0,100,545.506724
47.7,100,546.68029
40.7,100,547.578266
46.5,100,548.450838
44.4,100,549.242795
38.4,100,550.06292
39.7,100,550.920276
42.4,100,551.839546
13.2,100,552.674868
35.2,100,553.516444
28.8,100,554.296613
41.9,100,555.162896
22.1,100,555.986227
42.1,100,556.821214
19.6,100,557.641938
-52.5,100,558.416567
13.2,100,559.352236
29.5,100,560.291624
24.3,100,561.158682
24.7,100,561.987958
24.4,100,562.925889
21.0,100,564.251813
29.4,100,565.110196
28.4,100,565.976142
26.2,100,566.794355
26.2,100,567.579105
31.7,100,568.326894
28.1,100,569.081377
27.8,100,569.840183
26.6,100,570.625212
43.6,100,571.449897
42.0,100,572.316225
40.9,100,573.091503
38.9,100,573.884905
4.78473,100,574.644294
33.9,100,575.425916
44.0,100,576.19989
40.6,100,576.922398
40.5,100,577.689451
32.7,100,578.463215
41.0,100,579.259511
42.8,100,580.665323
34.6,100,581.462484
127.678255,20,581.633235
27.4,100,582.477523
30.5,100,583.238803
31.4,100,583.99286
31.3,100,584.735757
53.5,11,584.844663
31.3,100,585.61942
29.5,100,586.367871
29.6,100,587.097241
30.6,100,587.876506
-233.9,100,588.619412
20.0,100,589.34749
18.441343,100,590.113757
25.2,100,590.882784
25.2,100,591.657072
92.072861,21,591.814129
24.5,100,592.578442
-17.182587,100,593.359649
29.8,100,594.114818
37.2,100,594.885554
14.570463,100,595.726294
30.0,100,596.97565
32.3,100,597.835036
-198.824035,100,598.690757
33.4,100,599.534706
38.3,100,600.390655
28.9,100,601.207059
34.0,100,602.042487
30.1,100,602.901165
31.7,100,603.79157
38.0,100,604.663543
355.304043,100,605.634446
34.4,100,606.661322
31.4,100,607.549502
41.0,100,608.497468
38.1,100,609.428852
31.6,100,610.37986
34.4,100,611.327354
-123.330155,100,612.225736
126.879944,100,613.170543
128.234447,100,614.116748
286.877671,100,615.530882
32.7,100,616.439367
25.6,100,617.296267
389.274317,100,618.223392
-9.6,100,619.211313
36.6,100,620.15341
27.5,100,621.11956
-185.829665,100,622.073012
28.4,100,622.961784
30.1,100,623.881859
27.7,100,624.832441
26.1,100,625.706837
25.9,100,626.644619
340.4429,100,627.572163
-327.5,100,628.443518
23.3,100,629.269449
29.2,100,630.168881
-323.9,100,631.091509
46.3,100,631.949609
21.0,100,632.784721
42.6,100,633.994128
-339.5,100,634.821316
27.5,100,635.711811
34.9,100,636.584611
-257.356671,100,637.41779
-273.322222,100,638.350725
33.8,100,639.176445
30.1,100,640.003843
-307.4,100,640.859404
27.2,100,641.719979
30.4,100,642.494446
39.8,100,643.259453
28.3,100,644.011545
33.6,100,644.854639
30.6,100,645.694983
-180.2,100,646.510396
39.0,100,647.358393
30.8,100,648.24143
35.4,100,649.150999
44.8,100,650.028153
30.0,100,651.366798
31.4,100,652.312116
49.3,100,653.259479
49.0,100,654.078428
47.9,100,654.967539
46.1,100,655.774359
49.2,100,656.632483
6.7,100,657.495758
42.2,100,658.384479
34.7,100,659.324042
49.8,100,660.174567
49.0,100,661.007291
44.6,100,662.414701
44.8,100,664.134631
44.1,100,666.148783
41.8,100,667.876909
42.1,100,669.388619
42.2,100,671.021984
36.5,100,672.216535
42.2,100,673.425833
33.8,100,675.695688
30.6,100,677.141117
48.9,100,678.470131
58.466243,100,679.787379
94.232124,100,681.202526
45.3,100,682.422925
30.5,100,683.303089
7.4,100,684.399227
37.4,100,685.634631
42.1,100,686.735326
40.5,100,688.189651
30.5,100,689.453437
-12.6,100,690.612614
74.8197,100,691.923499
64.404375,100,693.265594
-200.6,100,694.549824
-269.8,100,695.848275
31.1,100,697.045257
44.0,100,698.446061
-301.2,100,699.93322
41.1,100,702.336098
-229.7,100,703.794373
17.1,100,704.571095
15.1,100,705.387539
21.8,100,706.188096
26.0,100,706.928503
33.0,100,707.67967
30.9,100,708.428326
32.4,100,709.187472
29.0,100,709.935063
36.9,100,710.697298
41.6,100,711.457086
36.0,100,712.272539
41.6,100,713.073123
33.6,100,713.838718
38.0,100,714.609821
30.0,100,715.384411
31.3,100,716.259807
38.3,100,717.114308
42.3,100,717.992548
33.7,100,719.318503
29.1,100,720.216425
13.3,100,721.057236
25.9,100,721.868383
31.5,100,722.642385
27.7,100,723.426212
39.8,100,724.190555
35.4,100,724.989433
21.6,100,725.76039
33.0,100,726.532825
25.6,100,727.322336
34.4,100,728.113621
27.9,100,728.887518
26.3,100,729.71178
35.3,100,730.612428
23.1,100,731.429545
32.4,100,732.324827
25.1,100,733.177902
48.830023,100,734.072331
36.3,100,734.901761
31.5,100,736.158275
48.6,100,737.015661
49.4,100,737.895433
36.1,100,738.690426
-169.7,100,739.485088
32.5,100,740.315718
46.1,100,741.100812
47.8,100,741.936149
49.4,100,742.764446
49.5,100,743.600796
45.5,100,744.451537
42.7,100,745.241867
45.0,100,746.148261
48.1,100,746.978415
47.8,100,747.802224
48.3,100,748.629378
47.7,100,749.470125
47.5,100,750.35912
48.2,100,751.292658
47.4,100,752.587514
48.7,100,754.93557
47.5,100,757.539987
48.4,100,760.287422
48.4,100,762.146005
47.9,100,763.086671
24.5,100,764.354591
46.2,100,766.010031
43.1,100,767.745708
44.7,100,769.671037
38.4,100,771.192212
43.1,100,773.182379
12.8,100,774.528351
31.3,100,775.495241
14.3,100,776.398297
25.4,100,777.259963
36.7,100,778.118731
24.0,100,778.961975
44.1,100,779.814219
37.8,100,780.710461
40.8,100,781.71032
28.9,100,783.121455
20.3,100,784.022232
33.3,100,784.931463
20.4,100,785.790922
26.1,100,786.696195
24.1,100,787.580457
24.2,100,788.451839
21.2,100,789.36336
31.7,100,790.249962
27.6,100,791.171886
24.0,100,792.090122
31.4,100,793.113277
29.4,100,794.020776
28.4,100,795.09089
30.6,100,796.326893
21.2,100,797.29565
42.8,100,798.257972
26.2,100,799.107239
-145.766142,100,799.991175
-230.568861,100,800.771934
25.1,100,801.998194
24.1,100,802.815603
37.7,100,803.611839
24.6,100,804.600513
30.1,100,805.759123
26.0,100,807.051419
21.3,100,808.379297
26.8,100,809.824529
-290.300839,100,810.934024
-214.546858,100,812.124124
35.9,100,813.364139
26.6,100,814.627494
31.1,100,815.904045
30.4,100,817.053563
28.8,100,818.327434
31.8,100,819.415933
28.2,100,820.695844
23.2,100,822.004711
28.9,100,823.343495
30.8,100,824.377898
28.6,100,825.595557
29.3,100,826.373698
30.2,100,827.205821
27.5,100,828.026994
-69.217235,100,828.797623
30.9,100,829.576445
31.8,100,830.452847
21.3,100,831.277353
20.8,100,832.096846
23.090479,100,832.973623
-232.92681,100,833.776175
28.7,100,834.662504
31.4,100,835.549001
-58.227319,100,836.36509
40.0,100,837.199491
-116.490022,100,838.044662
-85.476421,100,838.924007
153.812347,100,839.777467
-178.33407,100,840.614825
-143.818378,100,841.476987
36.7,100,843.092553
-87.356164,100,844.134332
43.8,100,845.083646
160.31721,100,846.056765
-131.629658,100,847.052186
-100.719602,100,848.008075
43.6,100,848.934818
-3.123127,100,849.846627
30.5,100,850.763234
22.8,100,851.65894
31.1,100,852.559991
-226.08755,100,853.431588
15.6,100,854.268265
-209.9,100,855.10019
18.9,100,855.959026
13.1,100,856.786834
15.3,100,857.665408
31.5,100,858.552894
45.2,100,859.417499
32.7,100,860.292939
39.4,100,861.639847
31.7,100,862.594752
37.2,100,863.592687
35.4,100,864.546532
39.6,100,865.431183
38.9,100,866.306439
38.5,100,867.107006
32.1,100,867.921463
-199.8,100,868.767336
26.4,100,869.581857
-39.9,100,870.435834
34.4,100,871.353888
30.2,100,872.207804
34.9,100,873.094753
17.8,100,873.922882
341.250627,100,874.806917
38.1,100,875.616554
37.0,100,876.510839
-322.7,100,877.343317
24.1,100,878.094314
-291.3,100,879.31608
386.827073,100,880.197413
34.3,100,881.07531
-278.3,100,881.943913
-177.345034,100,882.854213
19.1,100,883.668406
28.5,100,884.481971
30.7,100,885.34549
33.4,100,886.166768
43.2,100,887.101865
52.000132,100,887.936991
210.238581,100,888.875834
38.8,100,889.89013
31.9,100,890.774818
32.6,100,891.737653
43.8,100,892.585407
37.0,100,893.472841
41.4,100,894.367592
173.107408,100,895.227315
24.0,100,896.094458
-230.577757,100,897.366343
25.3,100,898.212304
40.2,100,899.093436
29.5,100,900.037606
102.975753,100,900.93374
31.5,100,901.826172
122.884498,100,902.713433
37.2,100,903.62115
28.6,100,904.537754
18.5,100,905.398465
447.907416,100,906.336345
27.7,100,907.217787
331.757257,100,908.103772
42.8,100,908.975906
319.872483,100,909.872371
334.884111,100,910.802783
-71.635718,100,911.672344
321.374513,100,912.561923
142.97618,100,913.397379
216.254948,100,914.234568
303.904806,49,915.098401
25.649356,100,916.019983
160.025374,100,916.930049
386.559309,100,918.004573
352.562061,100,919.02277
416.846991,100,920.073062
122.287468,100,921.006017
376.169318,100,921.934534
379.478265,100,922.95607
416.876163,100,924.091935
178.886347,100,925.124821
50.433049,100,926.088926
370.654999,100,927.080226
328.318809,100,928.29499
-91.955853,100,929.192348
245.645201,100,930.115486
304.766213,52,930.565673
364.201513,100,931.474724
394.880028,100,932.466973
381.887753,100,933.391824
343.052503,100,934.323227
360.132141,100,935.777642
-53.155554,100,936.766876
211.798964,100,937.65254
338.045299,100,938.598084
394.961935,100,939.611632
141.666427,100,940.449065
405.382616,100,941.447393
395.202053,100,942.450083
-74.363274,100,943.295938
89.722266,100,944.101059
30.3,100,944.889731
-73.382809,100,945.697844
18.848844,100,946.470119
413.26449,100,947.347172
384.709298,100,948.236587
382.036615,100,949.155643
417.009151,100,950.09876
409.440035,100,951.041579
384.221483,100,952.006085
320.453907,100,952.985889
359.575598,100,954.405115
384.062211,100,955.401314
399.679458,100,956.435945
282.569245,100,957.414884
287.151827,100,958.348325
401.080145,100,959.309042
358.536178,100,960.297218
378.360184,100,961.261284
-110.371601,100,962.152631
41.0,100,963.063533
399.692777,100,964.051453
419.206175,100,965.033581
-75.49941,100,965.993363
-56.7,100,966.861999
426.980067,100,967.860886
34.9,100,968.792752
39.7,100,969.742581
-27.7,100,970.685095
32.2,100,971.71802
37.5,100,972.663255
-250.586594,100,974.233771
36.1,100,975.112601
39.3,100,975.97705
31.2,100,976.874799
35.5,100,977.741994
91.551043,100,978.577021
-115.689358,100,979.385831
39.3,100,980.167873
-58.076629,100,980.947937
99.008885,100,981.751739
82.585696,100,982.538493
130.911382,100,983.393584
36.0,100,984.271799
142.84002,100,985.147885
139.860589,100,986.09902
26.5,100,987.268235
151.796764,100,988.215976
-31.2,100,989.379993
29.6,100,990.474215
-40.402443,100,991.451866
-321.7,100,993.238705
104.943254,100,994.100368
-124.314363,100,995.106483
-278.414932,100,996.745297
-214.988368,100,998.5872
-97.003105,100,1000.055453
-232.2,100,1001.449048
-105.469417,100,1003.558238
38.4,100,1005.463686
-31.2,100,1007.098165
-210.370138,100,1007.998167
-180.7,100,1008.894895
24.1,100,1009.816938
12.72603,100,1010.675961
-289.219906,100,1011.520307
-304.8,100,1012.522104
21.4,100,1013.49472
28.6,100,1014.507752
-279.3,100,1015.810498
35.2,100,1017.135241
-293.1,100,1019.172127
-141.26495,100,1020.568425
-92.349006,100,1021.96319
31.4,100,1023.158942
281.855146,59,1023.7763
126.189343,33,1024.205778
32.4,100,1025.503049
299.417897,100,1026.872917
88.100126,34,1027.279756
33.2,100,1028.655896
40.6,100,1029.959393
35.047483,100,1031.217108
-305.2,100,1032.411069
33.9,100,1033.615399
66.037509,100,1034.87834
45.4,100,1035.796844
41.7,100,1036.693449
32.7,100,1037.636538
38.2,100,1038.679255
40.3,100,1039.728497
29.9,100,1040.627553
-164.3,100,1041.880861
25.6,100,1042.714308
28.0,100,1043.559311
29.6,100,1044.410291
20.7,100,1045.233517
33.2,100,1046.06038
-315.6,100,1046.8841
17.6,100,1047.746179
27.415414,100,1048.56935
-261.2,100,1049.379477
16.7,100,1050.19486
-56.2,100,1051.019412
49.4,100,1051.848959
30.7,100,1052.709686
32.3,100,1053.58037
-112.0,100,1054.392962
35.7,100,1055.305929
36.5,100,1056.128296
-225.6,100,1056.973118
39.1,100,1057.821953
294.446959,100,1059.028113
38.7,100,1059.861102
-342.2,100,1060.708086
22.6,100,1061.531868
35.6,100,1062.362762
29.3,100,1063.17219
25.5,100,1063.991515
23.5,100,1064.848093
29.2,100,1065.679331
-279.176456,100,1066.484915
40.9,100,1067.311877
35.2,100,1068.086586
37.8,100,1068.817659
42.5,100,1069.540367
-110.269439,100,1070.280404
43.0,100,1071.04121
38.7,100,1071.778254
44.1,100,1072.512703
47.8,100,1073.248148
40.7,100,1073.980225
44.1,100,1075.14431
44.6,100,1076.190234
42.4,100,1077.158866
43.3,100,1078.030387
48.5,100,1078.929623
45.2,100,1079.814797
32.5,100,1080.660708
48.7,100,1081.482315
34.8,100,1082.340835
30.0,100,1083.163797
45.7,100,1084.012522
42.4,100,1084.852419
47.3,100,1085.68488
46.7,100,1086.499949
44.0,100,1087.323522
49.2,100,1088.167844
44.5,100,1089.01584
49.2,100,1089.840654
32.8,100,1090.660975
40.2,100,1091.564694
33.8,100,1092.843945
37.8,100,1093.76852
39.2,100,1094.650048
41.2,100,1095.498494
42.9,100,1096.375235
30.1,100,1097.244373
41.8,100,1098.137662
40.1,100,1098.982905
60.8,27,1099.229412
41.6,100,1100.143984
39.6,100,1100.996716
92.820832,100,1101.848365
9.8,100,1102.692311
-234.028515,100,1103.528062
-97.754994,100,1104.346632
49.8,100,1105.17194
-222.7,100,1106.050824
33.1,100,1106.854944
44.0,100,1107.718128
-108.9,100,1108.600696
26.9,100,1109.442783
-308.4,100,1110.944807
49.8,100,1111.840075
49.5,100,1112.830134
49.8,100,1113.868946
49.8,100,1115.083734
47.5,100,1116.352467
46.1,100,1117.465311
47.4,100,1118.655553
47.6,100,1119.99876
47.6,100,1121.030554
47.2,100,1121.968446
47.6,100,1122.85292
49.8,100,1123.770179
47.7,100,1124.775807
49.9,100,1125.651626
49.5,100,1126.568184
31.4,100,1127.523453
256.890673,100,1128.58562
38.5,100,1129.498447
-237.022767,100,1130.42734
86.263126,100,1131.723778
212.186609,100,1132.694607
36.9,100,1133.626077
34.4,100,1134.474202
36.2,100,1135.331628
29.5,100,1136.27122
32.3,100,1137.173056
27.510381,100,1138.041774
29.5,100,1138.888983
300.985766,100,1139.799472
252.846528,100,1140.668669
295.011085,100,1141.47243
30.7,100,1142.304421
359.774644,100,1143.198641
23.1,100,1143.999001
89.789249,100,1144.875565
347.742613,100,1145.856769
311.164064,100,1146.793174
32.73099,100,1147.738881
129.14444,100,1148.700344
28.7,100,1150.081322
250.141436,46,1150.514998
-202.7,100,1151.39007
-4.1,100,1152.234127
28.4,100,1153.081035
209.990006,100,1154.017432
31.8,100,1155.011638
33.2,100,1155.964075
36.1,100,1157.134906
277.25677,100,1158.117341
31.4,100,1159.087074
33.0,100,1160.222942
-142.0,100,1161.175839
34.1,100,1162.158988
38.9,100,1163.133384
34.1,100,1164.074153
32.5,100,1164.901896
52.608001,100,1165.707861
-16.425913,100,1166.519417
34.4,100,1167.422801
205.565667,100,1168.207061
26.928395,100,1169.487205
109.428107,100,1170.329977
145.903644,100,1171.197656
337.391626,100,1172.072747
21.5,100,1173.034655
399.373026,100,1173.962371
291.362652,100,1174.903021
360.16822,100,1175.918606
87.996811,100,1176.773468
38.6,100,1177.605768
36.8,100,1178.496673
302.469338,100,1179.36755
281.867937,100,1180.252625
271.867529,100,1181.11657
249.38941,100,1181.98555
322.516736,100,1182.914387
382.894591,100,1183.910681
402.20643,100,1184.870616
357.764929,100,1185.862916
339.950337,100,1186.820681
362.285971,100,1188.201297
374.142519,100,1189.138423
44.331615,100,1190.06531
185.239729,100,1190.884928
322.880631,100,1191.749768
371.847868,100,1192.621739
145.818106,100,1193.489609
356.024678,100,1194.511452
359.805047,100,1195.541169
-69.568443,100,1196.445555
142.860915,100,1197.244076
388.303663,100,1198.151575
125.142733,100,1198.982476
225.421147,100,1199.852019
194.184671,100,1200.805838
354.581969,100,1201.82344
327.395531,100,1202.807142
-65.070251,100,1203.729426
6.975438,100,1204.68821
154.642594,100,1205.588216
-77.900364,100,1206.886155
25.3,100,1207.773518
34.3,100,1208.70382
30.9,100,1209.545833
22.6,100,1210.373597
196.201857,100,1211.187592
20.7,100,1211.990305
-220.315083,100,1212.842327
28.7,100,1213.682924
26.0,100,1214.533003
26.6,100,1215.319726
23.5,100,1216.156836
139.917958,100,1217.067081
-233.549298,100,1217.946443
48.933218,100,1218.849871
23.0,100,1219.810647
18.3,100,1220.683385
19.6,100,1221.534694
-314.6,100,1222.350523
19.8,100,1223.147512
128.787947,100,1224.388219
-59.603592,100,1225.285578
92.747152,100,1226.159766
36.1,100,1227.024826
-270.8,100,1227.899163
29.0,100,1228.735714
133.31883,100,1229.649892
-112.74776,100,1230.472998
155.059467,100,1231.404979
22.0,100,1232.353179
26.0,100,1233.265325
136.756897,100,1234.181796
17.4,100,1235.121692
243.231998,100,1236.012745
21.8,100,1236.968491
287.103246,100,1237.981135
27.9,100,1238.915799
340.064384,100,1239.876587
169.096786,100,1240.758036
225.739389,100,1241.633519
27.0,100,1243.120306
304.422917,100,1244.059829
125.738186,100,1244.979852
28.9,100,1245.854824
17.2,100,1246.813306
28.2,100,1247.778285
111.604317,34,1248.106729
128.076374,100,1249.08829
-158.214649,100,1250.078569
21.9,100,1250.988927
-337.0,100,1251.910516
250.695212,100,1252.801987
22.4,100,1253.751989
28.8,100,1254.665941
20.3,100,1255.44852
32.8,100,1256.224469
-278.6,100,1257.004961
-210.3,100,1257.740294
14.4,100,1258.5663
28.3,100,1259.403393
34.7,100,1260.707866
33.9,100,1261.568902
-229.9,100,1262.423573
41.2,100,1263.31728
43.8,100,1264.230417
-322.1,100,1265.196913
27.0,100,1266.218102
-307.1,100,1267.22529
38.3,100,1268.185674
20.8,100,1269.008397
17.8,100,1269.832646
106.244659,100,1270.620607
-135.6,100,1271.514255
-39.574431,100,1272.376023
273.100306,100,1273.270539
245.320131,100,1274.111778
245.075819,100,1275.025585
324.354363,100,1275.984683
312.812601,100,1276.969453
29.7,100,1277.842674
179.97896,100,1279.118308
187.059563,100,1280.025862
369.209125,100,1281.052848
-300.667525,100,1282.000658
-217.243381,100,1282.902652
33.2,100,1283.770772
51.92169,100,1284.664255
32.9,100,1285.418779
-288.9,100,1286.223621
-246.314188,100,1287.030692
258.986212,100,1287.850165
-107.1,100,1288.792591
30.4,100,1289.662367
-73.7,100,1290.514753
33.8,100,1291.347585
20.9,100,1292.279866
25.8,100,1293.054353
184.653247,100,1293.847045
123.896885,100,1294.605011
46.3,100,1295.432596
-111.7,100,1296.665118
46.5,100,1297.553578
16.3,100,1298.385348
48.840237,100,1299.279509
44.3,100,1300.082408
33.2,100,1300.834601
26.7,100,1301.601002
-256.2,100,1302.340376
40.2,100,1303.14945
180.760681,100,1303.946053
32.4,100,1304.677655
-119.7,100,1305.484101
25.6,100,1306.318803
74.619973,100,1307.078
-205.525832,100,1307.807445
-120.705985,100,1308.54719
43.5,100,1309.313625
44.4,100,1310.041431
31.6,100,1310.788725
43.9,100,1311.522389
47.0,100,1312.763254
35.8,100,1313.551661
36.9,100,1314.316575
37.7,100,1315.12162
36.2,100,1315.949498
45.5,100,1316.832242
36.8,100,1317.668173
37.8,100,1318.510469
45.4,100,1319.335232
45.6,100,1320.167125
39.2,100,1320.991011
39.2,100,1321.828952
45.0,100,1322.707354
46.6,100,1323.601802
37.8,100,1324.449755
42.0,100,1325.313692
47.4,100,1326.204016
34.9,100,1327.091264
41.6,100,1327.970622
36.5,100,1328.881098
39.1,100,1330.18435
39.2,100,1331.035883
29.2,100,1331.884248
38.8,100,1332.70823
39.8,100,1333.537231
47.1,100,1334.383397
34.2,100,1335.194755
36.9,100,1336.034887
45.8,100,1336.87849
43.4,100,1337.679083
37.3,100,1338.485139
39.9,100,1339.321117
47.9,100,1340.243639
35.9,100,1341.112387
41.2,100,1342.012364
46.3,100,1342.851665
42.2,100,1343.721944
41.7,100,1344.569357
44.3,100,1345.42735
37.1,100,1346.324384
32.7,100,1347.60539
44.1,100,1348.888065
49.5,100,1350.283148
45.5,100,1351.604002
30.3,100,1352.913453
47.2,100,1354.107098
45.5,100,1355.544142
43.0,100,1356.813319
42.9,100,1358.006841
36.8,100,1359.31078
38.6,100,1360.52031
39.6,100,1361.783876
38.1,100,1363.084126
35.1,100,1364.470465
42.5,100,1366.693616
37.9,100,1368.674161
27.7,100,1369.824966
47.1,100,1370.779187
49.3,100,1371.703763
39.1,100,1372.656362
49.1,100,1375.226429
48.4,100,1376.844925
33.1,100,1377.951324
41.5,100,1378.839197
49.3,100,1379.679378
49.0,100,1380.736121
47.7,100,1381.599411
33.9,100,1382.482443
48.4,100,1383.450557
47.2,100,1384.493829
32.6,100,1385.737141
46.5,100,1386.819453
46.5,100,1387.843168
47.7,100,1388.744951
48.0,100,1389.634074
43.1,100,1390.589875
44.2,100,1391.511603
47.7,100,1392.658558
49.2,100,1393.553416
38.5,100,1394.37166
42.5,100,1395.76773
48.7,100,1396.709339
42.5,100,1397.685541
47.0,100,1398.755906
43.3,100,1399.75797
49.6,100,1400.845377
42.7,100,1401.753612
46.1,100,1402.798053
47.9,100,1403.965346
48.7,100,1405.078267
49.1,100,1406.077026
40.4,100,1406.979154
35.4,100,1408.083109
56.5,17,1408.231957
48.1,100,1409.074199
44.3,100,1410.069005
46.4,100,1411.157197
39.0,100,1412.23776
43.2,100,1413.100876
39.8,100,1413.977123
45.6,100,1414.749379
49.4,100,1415.906589
47.4,100,1417.043465
39.1,100,1418.455931
32.3,100,1419.754351
49.655504,100,1421.006331
48.6,100,1422.227361
38.0,100,1423.377337
38.9,100,1424.604063
42.9,100,1425.699922
36.9,100,1426.827347
32.1,100,1428.033056
38.5,100,1429.081869
38.1,100,1430.215858
36.0,100,1431.282147
38.2,100,1432.337009
28.7,100,1433.614055
33.6,100,1434.854125
146.14434,100,1436.048303
43.1,100,1436.883435
43.9,100,1437.71522
23.9,100,1438.976011
44.6,100,1439.937011
33.0,100,1440.789285
33.9,100,1441.654033
28.9,100,1442.528246
49.3,100,1443.333732
39.8,100,1444.096211
19.5,100,1444.871468
30.3,100,1445.618719
42.9,100,1446.4224
39.7,100,1447.230621
40.6,100,1448.027071
40.9,100,1448.841531
-153.6,100,1449.665718
47.0,100,1450.548582
47.7,100,1451.412685
28.5,100,1452.258097
37.6,100,1453.077158
35.5,100,1453.941308
48.1,100,1454.794606
-127.7,100,1456.111892
48.7,100,1456.949306
48.9,100,1457.77314
48.1,100,1458.553244
24.7,100,1459.375466
27.6,100,1460.207036
49.2,100,1461.035006
39.6,100,1461.897788
134.78088,100,1462.701411
43.9,100,1463.539593
63.418396,100,1464.333184
47.1,100,1465.227104
48.5,100,1466.04023
49.2,100,1466.895303
37.9,100,1467.753503
49.2,100,1468.616808
-72.5,100,1469.548268
49.2,100,1470.404369
45.7,100,1471.37673
38.3,100,1472.169395
305.816553,100,1473.544266
36.2,100,1474.445302
46.7,100,1475.352024
48.6,100,1476.242492
32.1,100,1477.139671
49.0,100,1478.008823
181.760259,100,1479.000687
38.4,100,1479.930318
49.464272,100,1480.91122
45.0,100,1481.815605
47.7,100,1482.706941
30.2,100,1483.556884
72.766783,100,1484.503005
49.1,100,1485.307025
-156.523588,100,1486.202956
34.1,100,1487.029329
36.6,100,1487.87842
45.6,100,1488.703489
32.9,100,1489.599372
47.2,100,1490.480653
38.4,100,1491.868729
35.5,100,1492.71437
35.1,100,1493.536915
