#{"t_start": 1770566283.4226465, "env_id": "AdroitHandRelocate-v1"}
r,l,t
-18.047956,100,3.076715
-78.237428,100,3.181414
-25.044833,100,3.283637
-115.529971,100,3.391671
-90.836415,100,3.524715
37.868137,100,3.621182
33.559488,100,3.728359
-20.988485,100,3.816087
-4.685543,100,3.928008
-20.058856,100,4.025206
-95.36306,100,5.531334
-57.831473,100,6.74247
-98.645129,100,7.942115
3.697649,100,9.153089
-56.631496,100,10.423549
-76.785371,100,11.540423
-73.552413,100,12.891966
-27.597117,100,14.118547
-23.610869,100,15.281362
-118.164927,100,16.282747
-494.498141,100,17.345826
-465.202044,100,18.461205
-518.958391,100,19.537711
-63.22155,100,20.587463
-49.672685,100,21.688553
-56.986582,100,22.567137
-6.956571,100,23.441983
22.961111,100,24.271141
-25.847104,100,25.103648
130.318953,100,25.931178
-9.613388,100,26.754782
42.618017,100,27.550137
-346.161954,100,28.360174
21.381708,100,29.217011
60.911964,100,30.050741
181.719874,100,30.865724
-31.854075,100,31.680552
158.220804,100,32.578602
11.981704,100,33.406535
-329.645713,100,34.181317
-19.579355,100,34.996729
-55.461576,100,35.793718
-32.763659,100,36.531591
133.351841,100,37.273349
-32.535111,100,38.029453
-377.633722,100,38.806507
-367.568879,100,39.565528
-26.48798,100,40.305654
-403.465235,100,41.029771
-75.945047,100,41.801018
-78.629246,100,43.433637
-2.521415,100,44.20159
-65.861591,100,44.991969
-65.129072,100,45.763199
-83.321743,100,46.55075
50.639734,100,47.292221
61.459252,100,48.081176
-488.291975,100,48.826988
102.611212,100,49.58848
89.415609,100,50.301906
27.942938,100,51.069686
-103.811261,100,51.827564
-53.693269,100,52.587497
130.92758,100,53.353411
131.669603,100,54.115438
151.191925,100,54.848379
94.340221,100,55.558121
-42.250946,100,56.292514
-90.134264,100,57.081287
-15.046485,100,57.819959
-62.988542,100,58.599449
-26.092179,100,59.365346
-63.23879,100,60.106702
-143.764555,100,60.841674
7.26458,100,61.518117
-475.881028,100,62.241574
11.598888,100,62.981347
102.888651,100,63.718415
107.926144,100,64.453287
166.069731,100,65.198782
146.397535,100,65.960901
96.78745,100,66.700962
201.073618,100,67.432567
62.463908,100,68.154624
-68.763887,100,68.951088
85.821448,100,69.725635
156.455118,100,70.475065
155.804946,100,71.215416
91.409818,100,72.02112
-495.927688,100,72.842005
85.890419,100,73.633449
184.381281,100,74.35768
131.458411,100,75.127249
94.363024,100,75.875205
92.106809,100,76.588162
-39.956979,100,77.315325
-388.871689,100,78.047781
-51.973364,100,78.781421
-25.193533,100,79.501177
-76.965095,100,80.200917
-58.600927,100,81.45892
-86.556296,100,82.186187
-248.332937,100,83.003313
-88.221633,100,83.893359
-77.132887,100,84.791727
-39.217374,100,85.719327
-19.250783,100,86.582024
-95.117287,100,87.474654
129.423721,100,88.365229
219.498492,100,89.294162
14.778579,100,90.252835
157.492738,100,91.181154
129.598167,100,92.156678
0.698264,100,93.090798
-15.451205,100,94.017703
84.272543,100,94.950748
109.851995,100,95.892415
105.375579,100,96.805108
96.781558,100,97.791948
-43.371711,100,98.783224
-295.64344,100,99.798304
88.942346,100,100.760108
-4.532389,100,101.722834
113.754217,100,102.704283
75.732941,100,103.665617
-251.254311,100,104.6244
72.085672,100,105.601663
109.552269,100,106.607335
66.194125,100,107.550757
-77.019875,100,108.420491
144.759465,100,109.337717
-298.16444,100,110.25745
-357.297515,100,111.15106
133.959452,100,112.101506
81.863565,100,112.981489
-27.611718,100,113.882593
110.742633,100,114.711607
-57.30376,100,115.531326
-26.898221,100,116.405457
-59.521399,100,117.260183
-16.065888,100,118.165295
-5.671764,100,119.037732
-18.486027,100,119.953122
-248.032877,100,120.851067
-55.81801,100,121.773766
26.423366,100,122.704091
164.105743,100,123.565703
143.708375,100,124.442976
-93.067156,100,125.293129
64.224186,100,126.103748
-356.553435,100,127.39035
170.959263,100,128.304164
-431.783004,100,129.151048
-453.518973,100,129.9879
-66.47291,100,130.775604
16.266966,100,131.591949
-376.294747,100,132.445771
131.847882,100,133.267202
-19.259585,100,134.052611
174.2732,100,134.841894
196.130132,100,135.675521
72.959257,100,136.497758
81.885328,100,137.254639
99.288595,100,138.053159
38.40376,100,138.851053
-315.799598,100,139.622623
125.703959,100,140.39175
34.358552,100,141.159921
-215.890043,100,141.967592
162.351112,100,142.796931
115.031627,100,143.655435
107.278541,100,144.487555
-401.790483,100,145.316831
-62.462052,100,146.153497
95.311015,100,147.053272
176.701852,100,147.93164
153.183603,100,148.829663
123.300255,100,149.67714
126.352468,100,150.550745
-368.305945,100,151.413771
131.723564,100,152.347824
46.314581,100,153.189009
-389.111938,100,154.042092
-230.19755,100,154.851081
82.764933,100,155.739862
25.488491,100,156.528762
169.893404,100,157.351187
112.759882,100,158.181289
-22.027359,100,159.026734
-14.748579,100,159.841655
-495.113197,100,160.591848
-28.183308,100,161.410802
-8.632186,100,162.208091
56.310788,100,163.055967
103.553677,100,163.882662
6.397265,100,164.731426
-47.650844,100,165.592053
84.131921,100,166.481509
85.11592,100,167.278635
98.240131,100,168.119179
26.419647,100,169.54203
-235.753871,100,170.391926
-8.009804,100,171.273087
-44.145297,100,172.081311
-38.997864,100,172.852825
-13.217116,100,173.558751
-278.772477,100,174.270293
-8.449259,100,175.003306
43.972806,100,175.722264
38.154212,100,176.49049
80.485271,100,177.241755
58.253348,100,177.99173
94.416486,100,178.734556
-16.658994,100,179.505147
4.707826,100,180.254397
207.680279,100,181.029166
-435.373845,100,181.807139
137.775493,100,182.557595
88.986649,100,183.304259
93.830803,100,184.24663
39.177391,100,185.07565
86.756937,100,185.855429
-211.741079,100,186.734022
5.981609,100,187.493996
107.011096,100,188.30108
159.82485,100,189.063744
82.245552,100,189.858595
182.495352,100,190.796273
67.118531,100,191.579127
-420.534562,100,192.316008
79.884475,100,193.087684
87.331999,100,193.865767
181.022723,100,194.663271
-387.797298,100,195.448562
-207.633252,100,196.225971
137.035139,100,197.061031
1.168257,100,197.900865
108.567012,100,198.68046
169.496243,100,199.462151
-4.218514,100,200.200811
156.585695,100,200.987912
45.343116,100,201.790508
68.888653,100,202.565469
50.293169,100,203.314595
31.823473,100,204.15105
-74.813483,100,204.966012
38.637995,100,205.835866
-88.854434,100,206.57251
-379.193823,100,207.403006
-69.815898,100,208.225311
-35.470835,100,209.676697
-29.750723,100,210.550783
-15.34214,100,211.489803
-9.927224,100,212.354449
-282.763102,100,213.243395
-434.485874,100,214.151946
-476.005939,100,215.103916
-280.167651,100,216.032133
-74.173947,100,216.943792
-36.40027,100,217.851106
17.530568,100,218.785496
-451.78895,100,219.681818
-42.017379,100,220.515579
-33.537926,100,221.307084
-51.606416,100,222.190097
-49.030926,100,223.06546
-48.363436,100,224.006566
36.963962,100,224.937951
-48.745668,100,225.844144
-60.586567,100,226.802781
-66.865502,100,227.754286
-72.569048,100,228.579667
-549.89701,100,229.466556
-524.292092,100,230.322976
-95.512734,100,231.143345
-536.167544,100,231.987314
-63.412211,100,232.831568
-38.161082,100,233.669388
-34.647642,100,234.502978
-1.311806,100,235.363999
29.665615,100,236.195137
-1.920501,100,237.060205
-42.594228,100,237.87582
-54.836948,100,238.713194
139.885807,100,239.568483
91.493292,100,240.438301
132.798421,100,241.29845
128.885687,100,242.162589
-63.817701,100,242.996684
6.077588,100,243.883205
111.900929,100,244.80104
19.207073,100,245.624009
22.017591,100,246.553074
87.13145,100,247.424868
22.90027,100,248.325183
37.364713,100,249.150761
68.365042,100,250.001232
66.227071,100,250.867018
-71.822746,100,251.723397
166.920765,100,252.575298
128.061525,100,253.993891
114.601526,100,254.8804
68.666582,100,255.720026
50.886065,100,256.588693
85.749738,100,257.438003
28.096155,100,258.296546
42.45593,100,259.137878
79.09649,100,260.041783
44.031253,100,260.921764
-53.443545,100,261.775924
-463.390185,100,262.658146
35.822428,100,263.472023
12.973211,100,264.237531
75.023446,100,264.981491
24.205091,100,265.739321
115.900592,100,266.494743
31.038572,100,267.287906
53.286939,100,268.046029
19.153974,100,268.939781
173.898491,100,269.706847
126.151216,100,270.493823
13.375381,100,271.254433
140.73374,100,272.022359
-477.62391,100,272.782222
197.733914,100,273.597653
131.10167,100,274.408582
194.484681,100,275.170753
106.880013,100,275.948528
120.615307,100,276.751904
156.215997,100,277.537711
154.15487,100,278.344058
100.473946,100,279.150935
85.043224,100,279.951268
-83.400152,100,280.709556
128.863217,100,281.573875
-162.650587,100,282.345962
-424.586503,100,283.133509
169.814268,100,284.147725
194.86293,100,285.009547
157.093947,100,285.841806
82.41238,100,286.600838
91.591883,100,287.337589
131.129501,100,288.100765
44.728083,100,289.024121
58.801232,100,289.831349
95.167536,100,290.587626
70.787439,100,291.443203
-111.918906,100,292.191762
133.606428,100,292.991882
-480.476641,100,293.901448
97.01354,100,295.287563
-426.309498,100,296.217655
100.550559,100,297.22578
-438.53693,100,298.08758
113.745674,100,299.169938
198.156243,100,300.167642
81.817274,100,301.143319
115.474105,100,302.149237
-98.918848,100,303.066601
-89.433957,100,304.088969
-50.604049,100,305.053495
138.280831,100,305.915591
-447.881897,100,306.768332
-287.644796,100,307.600918
190.761203,100,308.455261
72.832632,100,309.251078
48.307032,100,310.168968
93.889692,100,311.000816
5.055367,100,311.82271
-48.535509,100,312.592825
-24.054389,100,313.365641
-226.187931,100,314.323244
-58.646591,100,315.131132
-72.695583,100,315.98761
-73.208947,100,316.770922
-73.119845,100,317.625434
-94.42987,100,318.591842
-412.707509,100,319.604535
-191.477894,100,320.642684
134.318602,100,321.506904
-486.15844,100,322.570265
75.429793,100,323.456687
19.478783,100,324.369397
-9.787551,100,325.337829
132.682846,100,326.301483
151.530589,100,327.257692
-35.383432,100,328.315578
11.466091,100,329.242649
75.346413,100,330.065519
-54.477295,100,330.942434
-464.016643,100,331.785915
40.132443,100,332.720644
-63.808823,100,333.649226
110.862232,100,334.557397
86.50078,100,335.457033
93.105927,100,336.415566
81.724859,100,337.355215
2.855135,100,338.341661
32.373373,100,339.278646
-19.626723,100,340.387444
-26.205589,100,342.167964
-5.30583,100,343.131158
-64.37448,100,344.183226
101.367155,100,345.081103
57.877338,100,346.020732
-415.377834,100,346.881246
37.081416,100,347.759298
97.704637,100,348.637694
4.869929,100,349.505757
-5.212566,100,350.365119
100.137273,100,351.345289
141.609737,100,352.271974
-30.193071,100,353.215692
151.393727,100,354.074881
49.421936,100,354.95093
56.120204,100,355.815506
21.407604,100,356.842064
38.270374,100,357.747367
19.649244,100,358.688535
161.353577,100,359.551047
2.782938,100,360.433566
42.202709,100,361.325723
57.366673,100,362.160478
94.22779,100,363.015388
-347.235944,100,363.972358
-336.393317,100,364.801916
29.581589,100,365.679829
119.66788,100,366.561892
128.118698,100,367.463816
-35.939296,100,368.309961
-344.322988,100,369.19289
70.463812,100,370.040996
-368.610907,100,370.865271
75.159929,100,371.861652
-41.552248,100,372.800966
143.715277,100,373.656854
-465.098281,100,374.62714
-50.625734,100,375.480318
-25.273741,100,376.321583
120.319886,100,377.167123
147.536647,100,378.103057
-370.084575,100,379.094896
-440.564773,100,379.985706
-401.874101,100,380.865592
73.721015,100,381.745641
53.161788,100,382.619664
4.936204,100,383.637923
92.146977,100,384.565469
192.919585,100,385.555619
70.242427,100,386.465706
-376.515131,100,387.865572
128.294003,100,388.753424
128.511097,100,389.582135
-72.003014,100,390.400741
68.769401,100,391.251147
83.714738,100,392.101469
-82.378524,100,392.965305
-154.877234,100,393.831606
166.450909,100,394.722331
76.608083,100,395.603757
80.579531,100,396.507474
125.838126,100,397.387822
45.004954,100,398.216285
-58.945449,100,399.101346
32.194784,100,399.987695
115.769879,100,401.181434
90.523678,100,402.642635
-14.423819,100,403.865639
86.098106,100,404.928054
200.957342,100,405.901023
-449.925401,100,406.856429
-34.223418,100,407.937996
74.643842,100,408.981879
206.46609,100,409.902571
173.101486,100,411.02299
176.435898,100,411.951222
175.975966,100,413.086015
-37.88306,100,414.029838
-471.138545,100,414.916132
175.35397,100,415.799392
154.204078,100,416.712729
158.010031,100,417.587487
30.745763,100,418.556492
-18.673817,100,419.422321
118.545206,100,420.313868
-454.741845,100,421.209279
-48.842341,100,422.094191
81.553518,100,422.969909
162.431518,100,423.900129
142.28827,100,424.750984
104.283643,100,425.676156
110.295177,100,426.606111
101.920577,100,427.482245
99.235834,100,428.381447
97.678775,100,429.301426
110.273465,100,430.251912
77.325973,100,431.182516
127.752636,100,432.095841
121.518693,100,433.118585
199.770244,100,434.143512
129.944408,100,435.624908
82.776368,100,436.489655
-143.917617,100,437.33125
-2.793737,100,438.249403
-82.291588,100,439.437782
98.633795,100,440.461523
116.628384,100,441.546253
-28.255625,100,442.702033
112.554103,100,443.856069
34.250936,100,444.947153
-2.535738,100,445.989546
101.220572,100,446.923185
20.126526,100,448.007688
41.96742,100,448.95657
-98.516442,100,449.960974
75.994499,100,451.00407
51.153421,100,451.991924
38.700366,100,452.93253
71.552257,100,453.884394
-32.901765,100,454.902129
151.87286,100,455.859995
74.182459,100,456.807112
99.069076,100,457.7887
78.33414,100,458.717467
85.943909,100,459.672855
75.718309,100,460.586768
156.455727,100,461.510964
50.239948,100,462.464025
36.595173,100,463.397216
16.867703,100,464.45118
93.751395,100,465.360655
89.731566,100,466.292402
85.208164,100,467.210333
98.170722,100,468.161318
-192.155285,100,469.091795
29.073872,100,470.004529
91.933945,100,470.937836
47.838359,100,471.858052
121.731965,100,472.763608
95.451603,100,473.732423
-74.906944,100,474.644368
75.673963,100,475.661056
-84.981781,100,476.517228
72.857966,100,477.430171
-77.560787,100,478.331177
-53.726266,100,479.238168
35.367203,100,480.115508
89.937276,100,480.996568
39.333929,100,481.909456
-12.220877,100,482.793009
-448.267021,100,484.196866
-31.420324,100,485.1206
150.35561,100,486.065148
43.506782,100,486.954456
72.13354,100,487.817168
-168.506635,100,488.668666
122.514295,100,489.605683
-94.735978,100,490.523653
166.732304,100,491.456531
87.883561,100,492.325427
-62.780796,100,493.23297
76.367639,100,494.196699
9.719538,100,495.062652
29.16265,100,495.99158
75.976677,100,496.871233
51.633926,100,497.75194
-73.548259,100,498.627052
72.670655,100,499.550806
-277.68206,100,500.44382
128.722917,100,501.42591
76.747093,100,502.318663
100.259968,100,503.175559
107.846255,100,504.070336
51.823952,100,504.965915
113.436238,100,505.933468
109.355456,100,506.811824
-208.887982,100,507.681622
94.182294,100,508.597536
116.170315,100,509.445023
100.992824,100,510.345928
-49.362197,100,511.493931
112.626952,100,512.369343
84.806106,100,513.251027
-63.359381,100,514.131119
-93.834431,100,515.123751
-29.807181,100,515.999466
129.212536,100,516.933337
119.539118,100,517.835428
148.287839,100,518.747868
138.061496,100,519.671319
88.11008,100,520.649736
39.347932,100,521.645355
16.911011,100,522.561382
20.488648,100,523.474367
143.259241,100,524.430041
127.069589,100,525.331577
23.274443,100,526.216648
173.318699,100,527.120534
131.509329,100,527.991699
-311.664367,100,528.865586
-38.246845,100,530.522213
223.423115,100,531.459002
-86.901099,100,532.375709
178.918473,100,533.306088
84.114615,100,534.295904
-198.231714,100,535.289605
94.258785,100,536.209327
-177.817939,100,537.192526
64.121908,100,538.085977
116.230544,100,538.971634
-4.01528,100,539.906039
-528.727272,100,540.792862
156.655364,100,541.765673
132.563567,100,542.751881
132.544733,100,543.645174
-100.285172,100,544.695658
107.639907,100,545.76362
153.180505,100,546.744452
111.370783,100,547.721605
101.436555,100,548.656387
-639.719822,100,549.673844
-420.616792,100,550.611178
114.658604,100,551.526734
68.69915,100,552.419427
7.742464,100,553.473672
59.358034,100,554.501822
89.50455,100,555.39185
143.165928,100,556.352079
-595.318399,100,557.235804
141.543639,100,558.183617
105.073425,100,559.07753
140.742843,100,560.015656
96.046895,100,560.942014
126.232021,100,561.800795
32.677876,100,562.65901
122.887029,100,563.683659
43.622904,100,564.662282
-38.508934,100,565.670247
45.932276,100,566.613342
-299.927578,100,567.50122
-53.678918,100,568.396866
37.412525,100,569.308332
-7.027464,100,570.188869
133.122529,100,571.090001
183.57599,100,571.996354
139.923041,100,572.951962
53.31441,100,573.889501
174.045967,100,574.835763
148.731357,100,575.820642
180.039517,100,576.718762
-24.119139,100,578.20769
155.572627,100,579.256228
153.197203,100,580.552875
166.844309,100,581.61649
-24.737905,100,582.620732
199.901865,100,584.037009
205.427382,100,585.390708
194.893895,100,586.443108
143.078711,100,587.437674
102.744961,100,588.440107
156.295213,100,589.452234
176.928824,100,590.434325
165.171101,100,591.447016
83.099375,100,592.502139
159.958508,100,593.526799
-28.966092,100,594.467168
183.227701,100,595.434103
55.571611,100,596.415633
-74.460749,100,597.429923
161.151191,100,598.401054
193.010395,100,599.341856
-65.156728,100,600.213511
56.477468,100,601.11227
76.599999,100,602.013821
138.04245,100,602.912761
-54.800159,100,603.859341
192.29114,100,604.78969
-28.343226,100,605.643089
-63.731067,100,606.613759
57.836854,100,607.628992
-102.312927,100,608.610057
14.993483,100,609.626195
-74.622752,100,610.561938
-73.474436,100,611.613304
208.755208,100,612.552703
-17.303992,100,613.443419
162.92923,100,614.418149
-38.18205,100,615.33755
-48.923319,100,616.260951
179.853362,100,617.21345
93.288863,100,618.138544
-66.50339,100,619.143922
141.082289,100,620.054239
126.235176,100,621.042135
105.114713,100,621.958508
-20.940126,100,622.93486
112.944061,100,623.951227
79.454175,100,624.940161
101.714443,100,625.881902
33.060135,100,626.903625
-30.53038,100,628.48839
150.563923,100,629.465437
-42.500685,100,630.391874
-234.24986,100,631.289996
-8.15965,100,632.20968
88.200499,100,633.170152
44.179014,100,634.131468
-2.80414,100,635.078117
137.781273,100,636.070332
84.775529,100,637.081936
96.30033,100,638.100943
-13.841249,100,639.081513
109.026076,100,640.088782
33.481553,100,641.303957
-61.821036,100,642.402241
111.433523,100,643.365375
138.703428,100,644.442063
107.924675,100,645.431531
-334.422845,100,646.495522
54.590248,100,647.614167
75.651714,100,648.612352
65.281478,100,649.620153
98.08063,100,650.667815
-32.295001,100,651.723433
155.602108,100,652.641949
70.100795,100,653.545113
-410.888187,100,654.371688
165.886211,100,655.186419
165.375025,100,656.025687
-11.912063,100,656.902019
106.587596,100,657.720328
-77.184032,100,658.529998
-54.190052,100,659.365365
-12.153945,100,660.163804
144.442274,100,660.977416
188.404425,100,661.751053
-37.359023,100,662.52399
-351.981385,100,663.279629
-366.944536,100,664.033531
36.779074,100,664.799207
174.785649,100,665.640844
15.107325,100,666.465182
156.54557,100,667.342043
78.905643,100,668.2799
188.702294,100,669.20103
73.654495,100,670.100026
101.635326,100,671.017379
-66.381594,100,671.891957
111.856931,100,672.774919
-249.832473,100,673.631723
133.147764,100,675.172534
9.37667,100,676.169125
-81.378436,100,677.17895
-60.947055,100,678.160446
-77.460055,100,679.039868
-3.162022,100,679.866685
-17.387328,100,680.692938
-71.793488,100,681.565082
-104.048871,100,682.451148
-81.175666,100,683.387295
-47.299302,100,684.349735
115.504999,100,685.36057
85.876027,100,686.314441
-6.564858,100,687.328966
201.978614,100,688.320638
88.819377,100,689.255453
-60.615428,100,690.171562
-21.381061,100,691.063949
-397.383755,100,691.926899
200.408489,100,692.808866
25.583695,100,693.67354
153.754044,100,694.556152
216.51898,100,695.450988
169.797065,100,696.347399
-389.170262,100,697.230339
121.228089,100,698.168921
184.771677,100,699.129202
-394.561687,100,700.062309
124.703113,100,701.008564
209.778366,100,701.965624
144.715258,100,702.942
-17.708626,100,703.882119
177.001885,100,704.892964
210.274939,100,705.840385
123.922555,100,706.781783
98.603623,100,707.81879
98.836487,100,708.939552
89.26877,100,709.933081
133.231507,100,711.354028
94.591322,100,712.374231
-18.313767,100,713.300081
-38.273001,100,714.197348
81.712729,100,715.096708
4.756026,100,715.957105
145.942767,100,716.867038
-418.149756,100,717.784591
152.710148,100,718.634947
124.291133,100,719.559041
182.052164,100,720.463693
101.994094,100,721.378669
131.152717,100,722.853729
104.365168,100,723.704916
77.47623,100,724.548581
-23.281678,100,725.430557
-39.52789,100,726.333145
155.06322,100,727.274785
179.592179,100,728.275115
-673.25227,100,729.215625
-231.23946,100,730.080193
-364.787834,100,731.036515
122.422631,100,731.961819
140.778911,100,732.858477
-393.360908,100,733.7518
138.610378,100,734.654473
80.554182,100,735.503045
172.113327,100,736.385651
-284.982399,100,737.227712
142.253629,100,738.118737
87.458438,100,738.96753
147.017068,100,739.867244
-345.392251,100,740.772587
-12.892375,100,741.63114
48.819386,100,742.539583
66.063005,100,743.433069
160.117575,100,744.344726
150.737673,100,745.267732
91.680243,100,746.142289
25.455455,100,747.013753
105.644557,100,748.051297
-44.131159,100,749.002475
130.738449,100,749.916024
149.634161,100,750.81851
146.143867,100,751.720707
108.560841,100,752.589198
13.151898,100,753.484356
45.7686,100,754.351579
-31.404173,100,755.244707
86.733296,100,756.101325
16.978582,100,756.942678
-27.958559,100,757.816564
49.947671,100,758.687596
-64.382383,100,759.566341
137.492509,100,760.423913
-76.764953,100,761.235114
17.294111,100,762.091755
4.804966,100,763.012846
129.033893,100,763.917415
122.808431,100,764.805998
-30.313334,100,765.664412
68.352619,100,766.532376
-6.455128,100,767.9705
85.550633,100,768.843954
56.724035,100,769.721994
-70.746882,100,770.576677
3.623796,100,771.409974
55.764413,100,772.259421
110.48366,100,773.190082
141.507422,100,774.146601
160.482303,100,775.161509
-271.740678,100,776.058081
77.490372,100,776.97455
109.12812,100,777.969095
-41.376718,100,778.938587
58.928475,100,779.836287
17.23702,100,780.742063
109.16711,100,781.621065
-71.514585,100,782.49678
65.977131,100,783.393998
158.359589,100,784.384352
70.311797,100,785.261332
-485.328643,100,786.110262
125.89473,100,786.989464
130.363694,100,787.961833
132.910684,100,789.043022
96.803731,100,790.027281
130.853411,100,790.955019
136.245235,100,791.875936
102.267923,100,792.788532
86.848495,100,793.744491
140.767432,100,794.752026
84.920245,100,795.588759
-48.815303,100,796.450898
-74.206015,100,797.312994
138.862448,100,798.188116
144.222958,100,799.053117
131.425259,100,799.912534
167.591818,100,800.767862
140.242946,100,801.58495
118.504522,100,802.451119
-6.426923,100,803.696015
105.236627,100,805.295953
120.921887,100,807.325523
-78.072042,100,808.794125
-145.441371,100,810.104289
-96.250005,100,811.343971
-200.053579,100,812.671205
-82.750962,100,813.683333
90.204959,100,814.79994
23.79323,100,816.093936
57.975769,100,817.559357
164.279039,100,820.622877
-82.967214,100,822.213126
180.267722,100,823.666466
150.57451,100,825.189547
-297.135444,100,827.477361
81.631287,100,828.877654
11.295651,100,830.315695
85.729864,100,831.661487
102.473864,100,832.598986
165.604824,100,833.523645
141.845726,100,834.490203
186.255977,100,835.901215
155.86514,100,837.367352
49.870966,100,838.842215
122.670721,100,840.31762
173.708222,100,842.069132
119.022504,100,843.43826
72.637119,100,845.008159
86.304007,100,846.537822
93.430367,100,847.846167
-444.959331,100,849.088566
94.855311,100,850.515878
-18.21292,100,851.922975
-276.242458,100,853.31535
154.055599,100,854.711135
102.470184,100,855.65322
84.309455,100,856.562442
145.231336,100,857.41665
21.221664,100,858.30137
50.924568,100,859.181244
-361.581454,100,860.065675
85.802729,100,861.051546
-310.16001,100,861.929239
71.674802,100,862.833687
-237.143616,100,863.769452
95.205244,100,864.778133
117.691337,100,865.761129
141.043527,100,866.758174
74.499613,100,867.770625
131.749501,100,868.76083
106.753654,100,869.777787
96.825411,100,870.731147
116.821357,100,871.69932
74.383415,100,872.633674
77.789101,100,873.579579
182.284983,100,874.515446
127.280272,100,875.44793
146.747941,100,876.387908
-410.01251,100,877.327117
104.119111,100,878.278374
152.894483,100,879.716372
161.20389,100,880.807055
131.173605,100,881.894951
-39.45826,100,882.844205
-38.670915,100,884.098511
180.527132,100,885.073036
-3.975658,100,886.04041
94.871256,100,887.045478
-53.316769,100,888.018038
170.240445,100,889.112129
86.051621,100,889.992042
125.842382,100,890.943375
-366.132798,100,891.865757
189.391537,100,892.775937
41.429113,100,893.60725
-88.807531,100,894.466253
-7.601231,100,895.328295
143.421484,100,896.242825
-262.788105,100,897.143429
169.459253,100,898.028482
180.078125,100,898.911302
156.432166,100,899.796107
-42.754348,100,900.674509
69.896209,100,901.603294
71.772979,100,902.481385
138.070476,100,903.338746
-35.92863,100,904.192866
-45.106208,100,905.03008
123.829718,100,905.946858
142.039696,100,906.806814
90.903126,100,907.675244
106.353464,100,908.545134
28.84146,100,909.40405
42.638219,100,910.290253
130.654304,100,911.200105
104.967748,100,912.083588
-62.088338,100,912.986901
-348.80708,100,913.901052
75.941982,100,914.863537
108.413646,100,915.807643
132.652696,100,916.766126
-34.619313,100,917.621421
58.714997,100,918.487406
92.896249,100,919.341639
170.82091,100,920.278099
-263.669066,100,921.118615
76.341317,100,922.017193
68.811979,100,922.863731
52.945387,100,923.760808
-508.42562,100,924.684314
-204.562626,100,926.142102
171.775337,100,927.151396
77.456756,100,928.062024
-229.545756,100,928.987596
-43.19488,100,929.938427
-45.091842,100,930.897616
-48.788157,100,931.812594
133.61978,100,932.688071
-16.064459,100,933.596978
171.131657,100,934.476139
-0.72838,100,935.357577
108.295681,100,936.246283
104.597165,100,937.176282
153.345562,100,938.090031
136.733452,100,939.027879
179.563105,100,940.12577
151.527309,100,941.206648
183.062647,100,942.465597
154.211539,100,943.451526
-317.645738,100,944.538694
199.994446,100,945.568265
177.69277,100,946.594205
139.4738,100,947.752281
201.664428,100,948.700816
219.976087,100,949.646594
57.635819,100,950.569352
-480.659727,100,951.479628
158.095175,100,952.43513
134.554012,100,953.373724
-194.49845,100,954.28738
187.112457,100,955.223385
40.506624,100,956.109458
155.309749,100,957.036621
134.147496,100,957.974703
148.299403,100,958.947847
193.491253,100,959.897776
180.826352,100,960.945882
67.323133,100,961.906027
-58.999854,100,962.837745
83.375842,100,963.725658
74.043774,100,964.597079
183.558989,100,965.458327
173.311174,100,966.336136
44.679858,100,967.223714
-9.210854,100,968.105906
135.915257,100,969.001979
112.154039,100,969.90935
-11.010002,100,970.854589
51.969659,100,971.777105
7.743166,100,972.648586
188.616693,100,974.100911
111.885738,100,974.986439
29.042231,100,975.924492
88.397415,100,976.848358
192.552311,100,977.703751
176.72792,100,978.59675
202.241281,100,979.671367
200.04832,100,980.637643
-391.976897,100,981.55978
73.260535,100,982.421738
66.704399,100,983.309558
94.351776,100,984.20526
134.270725,100,985.128844
191.282541,100,986.036705
193.279357,100,986.929116
150.766841,100,987.82754
111.713213,100,988.837513
-6.608821,100,989.778169
187.948176,100,990.771057
-33.210804,100,991.720877
37.377779,100,992.613735
63.545728,100,993.614275
157.938107,100,994.659015
184.476821,100,995.639541
162.588369,100,996.598767
190.314574,100,997.545655
107.478548,100,998.43449
-488.154402,100,999.318393
38.123439,100,1000.290995
-216.691582,100,1001.161442
11.421266,100,1002.12647
169.268601,100,1003.02237
-97.107486,100,1003.955876
-43.508871,100,1004.859556
139.236809,100,1005.768505
103.995882,100,1006.678777
138.300998,100,1007.546294
129.247733,100,1008.455938
13.591018,100,1009.343001
-38.948264,100,1010.244493
77.250873,100,1011.146168
-16.232656,100,1012.051032
100.112232,100,1012.958035
-102.780537,100,1014.334231
61.131211,100,1015.246947
-81.199035,100,1016.130395
113.878902,100,1017.031797
-108.203499,100,1017.868122
22.635232,100,1018.738931
86.971085,100,1019.792672
189.270087,100,1021.272067
37.460381,100,1022.159856
-250.53328,100,1023.022382
10.566615,100,1023.858567
-6.916572,100,1024.675171
36.490258,100,1025.465609
126.813932,100,1026.273625
165.141237,100,1027.049394
153.86957,100,1027.844629
200.136386,100,1028.611292
129.195093,100,1029.4119
131.987509,100,1030.284868
-26.218707,100,1031.119734
164.88899,100,1031.929093
164.491307,100,1032.761978
182.965872,100,1033.580332
202.153697,100,1034.417181
123.833527,100,1035.2815
114.785844,100,1036.093809
-54.026406,100,1036.873833
183.646652,100,1037.708038
38.436835,100,1038.485943
176.31344,100,1039.348132
178.509608,100,1040.16524
-451.749838,100,1040.975044
57.103381,100,1041.753688
194.329592,100,1042.594225
-17.207553,100,1043.450642
61.326377,100,1044.374805
173.629435,100,1045.275349
11.469074,100,1046.20122
16.185385,100,1047.118008
-192.0882,100,1048.082433
122.218528,100,1049.019397
-68.594292,100,1049.949719
-67.024574,100,1050.86696
-91.206167,100,1051.814053
184.472194,100,1052.722036
-473.797669,100,1053.596661
142.392045,100,1054.50999
-99.933858,100,1055.394053
-423.411767,100,1056.310036
29.960913,100,1057.189708
28.557478,100,1058.105329
21.268423,100,1058.997632
58.862269,100,1059.875332
3.304637,100,1060.745044
-418.261434,100,1061.613243
-36.014275,100,1062.51019
195.14534,100,1063.428069
170.191775,100,1064.875777
101.473696,100,1065.82739
160.629271,100,1066.751381
172.901277,100,1067.720252
163.654232,100,1068.632418
111.759028,100,1069.550659
91.787465,100,1070.449864
220.626988,100,1071.370087
37.895415,100,1072.242032
10.669606,100,1073.049297
150.025787,100,1073.868888
102.538993,100,1074.636144
-50.325188,100,1075.443161
141.891565,100,1076.265448
49.588213,100,1077.110169
2.058455,100,1078.050858
-189.671535,100,1078.845983
89.423483,100,1079.632967
-82.098668,100,1080.474877
103.22495,100,1081.340388
137.111916,100,1082.186178
25.067407,100,1082.974234
14.756301,100,1083.777705
112.235444,100,1084.571629
142.861121,100,1085.37568
-477.687653,100,1086.245906
-70.452483,100,1087.067998
52.454214,100,1087.870498
-0.958327,100,1088.760744
-493.803157,100,1089.590527
123.122823,100,1090.477095
122.334353,100,1091.298356
135.129856,100,1092.096771
82.562065,100,1092.927301
-62.523078,100,1093.754223
82.125502,100,1094.629138
151.686943,100,1095.404191
54.418466,100,1096.210181
157.584889,100,1097.104099
185.765039,100,1097.927819
-29.023307,100,1098.746484
-39.205995,100,1099.536558
113.488416,100,1100.349118
49.805907,100,1101.145295
116.176569,100,1101.969527
-421.814998,100,1102.793207
42.394873,100,1103.588658
86.483265,100,1104.383881
130.245221,100,1105.21601
94.092907,100,1106.010275
121.837303,100,1107.461866
135.110804,100,1108.348156
35.433989,100,1109.16417
58.507658,100,1110.073509
131.734532,100,1111.013574
66.044204,100,1111.892623
146.413708,100,1112.731677
15.592668,100,1113.605918
115.419924,100,1114.432329
145.121455,100,1115.307695
33.535406,100,1116.164253
128.842501,100,1117.128699
46.568894,100,1117.946621
-160.902975,100,1118.726139
157.581241,100,1119.51914
79.679404,100,1120.349201
95.292242,100,1121.202554
9.155741,100,1122.00404
-119.221708,100,1122.892048
-236.163839,100,1123.762896
51.39833,100,1124.744055
47.190357,100,1125.704144
-51.663751,100,1126.623118
-394.204323,100,1127.568655
124.746638,100,1128.48863
-10.072745,100,1129.446114
140.013824,100,1130.431574
43.126781,100,1131.384575
157.84534,100,1132.358808
44.456569,100,1133.254143
-17.416749,100,1134.139002
96.53825,100,1135.000138
62.193631,100,1135.855141
57.901311,100,1136.714512
-109.469758,100,1137.673199
82.896147,100,1138.554783
115.918419,100,1139.456328
170.763067,100,1140.325161
-14.174332,100,1141.204511
134.842364,100,1142.158263
173.588065,100,1143.079242
165.190995,100,1143.993553
163.689293,100,1144.854488
176.456067,100,1145.717653
111.3835,100,1146.578218
185.473956,100,1147.445768
36.693141,100,1148.345104
119.1978,100,1149.256711
42.263086,100,1150.145909
130.744268,100,1151.049448
123.962387,100,1152.656397
164.345925,100,1153.561095
-3.486278,100,1154.409444
165.460078,100,1155.314378
136.583743,100,1156.177654
122.487528,100,1157.080192
146.799675,100,1157.944067
149.922288,100,1158.893182
121.964698,100,1159.717506
-136.958509,100,1160.61646
155.769697,100,1161.575826
88.287505,100,1162.611926
-74.564594,100,1163.70849
125.182138,100,1164.703704
107.483777,100,1165.542191
-43.263814,100,1166.579742
189.100476,100,1167.479475
86.305678,100,1168.376441
143.532833,100,1169.271891
-470.829182,100,1170.11565
58.226773,100,1170.972803
24.952995,100,1171.853727
28.808486,100,1172.692903
-34.193946,100,1173.533561
129.046527,100,1174.495243
168.039081,100,1175.313987
19.497017,100,1176.132659
59.320976,100,1176.913879
129.439262,100,1177.697241
103.595049,100,1178.494637
98.451909,100,1179.339213
151.846373,100,1180.143323
1.362968,100,1180.928396
115.067983,100,1181.750917
170.808506,100,1182.575809
-387.035831,100,1183.388029
10.614726,100,1184.341641
175.395754,100,1185.152166
143.815386,100,1186.034605
133.860841,100,1186.841928
171.856326,100,1187.670017
120.742438,100,1188.474618
153.034611,100,1189.270235
-355.868961,100,1190.08006
-256.699745,100,1190.865214
103.860807,100,1191.648579
136.283932,100,1192.448235
161.617428,100,1193.232939
130.62256,100,1194.016554
174.190671,100,1194.899812
22.592082,100,1196.228528
142.047367,100,1197.038553
143.830443,100,1197.839718
90.558348,100,1198.616983
154.792143,100,1199.418635
149.399547,100,1200.227054
189.965859,100,1201.047783
67.803315,100,1201.847024
69.654355,100,1202.660194
33.128775,100,1203.475367
-88.549495,100,1204.272631
163.543551,100,1205.121813
182.181671,100,1205.911849
49.316954,100,1206.682369
129.022376,100,1207.47406
109.385351,100,1208.231939
15.749287,100,1209.023482
-433.668672,100,1209.798558
225.34732,100,1210.649939
88.973175,100,1211.445491
78.26323,100,1212.239633
-285.786428,100,1213.134173
-204.555532,100,1213.930305
58.992862,100,1214.77473
34.382382,100,1215.652192
61.611218,100,1216.504104
85.926402,100,1217.362659
164.826629,100,1218.220904
153.3788,100,1219.103403
199.083365,100,1219.951363
144.5356,100,1220.848258
115.876045,100,1221.703483
150.567154,100,1222.54185
243.509728,100,1223.404652
210.804926,100,1224.268181
105.846439,100,1225.129745
145.839826,100,1226.047778
119.763382,100,1226.927608
155.604592,100,1227.811741
-66.669014,100,1228.649669
-271.205354,100,1229.505545
61.007292,100,1230.394618
-23.198987,100,1231.295974
41.646564,100,1232.144615
-31.525273,100,1233.00212
95.038356,100,1233.955349
117.568859,100,1234.80343
119.58356,100,1235.636194
54.266059,100,1236.527849
13.395554,100,1237.369512
65.39704,100,1238.762835
136.268219,100,1239.612622
132.925975,100,1240.487714
-8.957454,100,1241.390715
79.831412,100,1242.271726
150.495997,100,1243.133596
151.881116,100,1244.005971
30.049429,100,1244.886257
36.034249,100,1245.788522
155.89265,100,1246.705156
126.257796,100,1247.589942
149.331858,100,1248.461784
140.25489,100,1249.32438
52.28041,100,1250.190674
49.916993,100,1251.066965
153.115041,100,1251.967499
82.807478,100,1252.948339
-409.010819,100,1253.818246
162.338771,100,1254.715223
128.391544,100,1255.577353
125.798111,100,1256.495331
158.526456,100,1257.443136
-272.441423,100,1258.306911
101.149779,100,1259.238077
176.198231,100,1260.545468
169.431155,100,1261.651113
184.554117,100,1262.643945
31.147551,100,1263.595629
120.858184,100,1264.540775
108.820866,100,1265.407344
158.654769,100,1266.303283
122.167704,100,1267.203665
-46.217998,100,1268.137462
138.862383,100,1269.002993
219.109241,100,1269.895689
189.801487,100,1270.794295
173.568766,100,1271.784394
160.388445,100,1272.856656
181.599349,100,1273.833566
125.535313,100,1274.905671
-462.969713,100,1275.982151
110.392591,100,1276.932558
226.793036,100,1277.958662
124.764878,100,1279.005263
184.440934,100,1279.915253
162.424909,100,1280.910522
183.179874,100,1281.825873
189.457083,100,1282.738009
188.032276,100,1283.698382
175.124247,100,1284.631669
92.937342,100,1286.115243
111.989888,100,1287.110716
158.873966,100,1288.168651
172.454414,100,1289.188398
6.524335,100,1290.191699
212.920323,100,1291.222476
174.329959,100,1292.281364
180.824055,100,1293.329471
166.906715,100,1294.327036
110.637219,100,1295.341867
126.425157,100,1296.309741
-85.939845,100,1297.33802
125.038848,100,1298.294737
179.81368,100,1299.233985
125.782147,100,1300.191999
121.083035,100,1301.124897
183.539225,100,1302.101099
181.502509,100,1303.107918
198.980271,100,1304.104953
-11.347065,100,1305.087651
17.907341,100,1306.020349
-405.053881,100,1307.050988
160.433257,100,1308.067197
170.560669,100,1309.033322
142.590329,100,1310.005957
189.922541,100,1310.962778
108.748395,100,1311.884425
148.601885,100,1312.818527
82.362861,100,1313.857836
36.483753,100,1314.692271
112.02004,100,1315.615484
160.011297,100,1316.577717
127.033333,100,1317.494769
120.416719,100,1318.407774
160.228088,100,1319.453487
85.059764,100,1320.38775
149.315384,100,1321.291786
96.917744,100,1322.231422
42.6145,100,1323.144515
141.780502,100,1324.037453
133.333134,100,1324.922695
174.956422,100,1325.782646
13.788463,100,1326.617184
-65.621658,100,1327.483879
171.888451,100,1328.452112
-400.557026,100,1329.615465
150.540583,100,1330.797984
130.718212,100,1331.941967
163.243135,100,1333.115218
135.527352,100,1334.036277
113.141896,100,1335.665834
59.010512,100,1336.588003
171.415678,100,1337.583197
159.143341,100,1338.46298
62.207249,100,1339.393421
124.298154,100,1340.252939
154.104308,100,1341.081513
62.079082,100,1341.829465
114.44279,100,1342.620249
79.209659,100,1343.553231
110.920299,100,1344.438721
-93.74013,100,1345.283168
136.837028,100,1346.115238
114.096059,100,1347.034215
171.467697,100,1347.955341
102.586596,100,1348.894053
207.008316,100,1349.857149
221.127809,100,1350.881366
114.211877,100,1351.884323
188.720686,100,1352.795088
133.030811,100,1353.710082
141.619021,100,1354.711108
60.090473,100,1355.659197
118.974775,100,1356.614172
85.638818,100,1357.567022
-6.85844,100,1358.471038
151.242434,100,1359.376951
-174.291804,100,1360.321505
-50.730371,100,1361.391046
-0.305721,100,1362.41355
56.053688,100,1363.386402
99.349683,100,1364.469524
145.696824,100,1365.437773
45.346977,100,1366.434818
128.414263,100,1367.400977
59.495128,100,1368.447509
176.239647,100,1369.59187
168.032561,100,1370.58201
48.899191,100,1371.585421
140.022027,100,1372.549075
50.760456,100,1373.52104
153.63088,100,1374.373389
102.70199,100,1375.284205
-246.062782,100,1376.158122
152.245609,100,1377.108647
120.586299,100,1377.951214
-19.153385,100,1378.855943
89.970762,100,1379.705944
148.436974,100,1380.723733
-45.7266,100,1381.681183
109.65194,100,1383.248498
85.573924,100,1384.140249
164.485264,100,1385.062445
196.892125,100,1385.992271
118.464238,100,1386.904741
142.604438,100,1387.80108
107.156518,100,1388.667688
113.547109,100,1389.629726
90.602331,100,1390.675582
61.86784,100,1391.585004
1.551725,100,1392.502346
112.237457,100,1393.499169
55.68171,100,1394.611364
-26.050243,100,1395.774476
38.638983,100,1396.852031
118.25673,100,1397.829103
170.441188,100,1398.858176
69.786869,100,1399.911576
152.865383,100,1400.841914
103.520561,100,1401.730242
121.878075,100,1402.657834
84.585613,100,1403.642037
166.759168,100,1404.562343
147.55224,100,1405.485432
80.770358,100,1406.472397
-65.346406,100,1407.452179
-438.184961,100,1408.362112
118.966156,100,1409.290276
-350.675905,100,1410.251159
102.024057,100,1411.27281
119.08995,100,1412.329341
35.305389,100,1413.396673
-200.965157,100,1414.436403
86.481241,100,1415.448649
167.809309,100,1416.489343
176.250939,100,1417.468495
112.105948,100,1418.382571
-20.986666,100,1419.356986
33.016721,100,1420.299416
184.703765,100,1421.347113
23.520024,100,1422.458415
36.660676,100,1423.461724
92.068362,100,1424.478405
43.620122,100,1425.498971
-2.930341,100,1426.60838
108.197104,100,1427.818654
100.148418,100,1428.927453
-429.275324,100,1429.863682
99.314832,100,1430.790986
36.514212,100,1431.856097
38.137818,100,1433.527326
-230.128362,100,1434.412249
109.93855,100,1435.290419
-40.325934,100,1436.317202
-564.77767,100,1437.203818
171.342063,100,1438.156089
182.99718,100,1439.165138
113.866984,100,1440.146688
136.663844,100,1441.054752
-35.287502,100,1441.969162
147.651292,100,1442.928867
128.863072,100,1443.898185
159.702301,100,1444.746709
184.546772,100,1445.658905
-21.525764,100,1446.546914
121.006925,100,1447.424711
-67.994643,100,1448.258487
112.065005,100,1449.088114
205.331766,100,1449.989659
123.360125,100,1450.900782
-55.882012,100,1451.816266
145.640326,100,1452.762613
180.736536,100,1453.697346
146.530409,100,1454.725474
119.012345,100,1455.657942
154.384405,100,1456.577583
140.734867,100,1457.589691
52.356179,100,1458.576514
122.823345,100,1459.5386
194.538319,100,1460.538969
132.252657,100,1461.419227
128.075517,100,1462.353993
155.638118,100,1463.301055
156.673184,100,1464.203159
57.20367,100,1465.110525
17.160128,100,1466.011363
123.222042,100,1466.948683
175.754817,100,1467.888561
195.666002,100,1468.815261
212.117513,100,1469.736029
148.182698,100,1470.677758
152.932719,100,1471.626446
161.741131,100,1472.574897
104.470751,100,1473.519696
11.287258,100,1474.426241
205.422917,100,1475.316159
-32.472141,100,1476.208885
-102.413846,100,1477.167691
92.662964,100,1478.062558
92.338524,100,1478.953988
104.596906,100,1480.734639
-30.793307,100,1481.736605
-52.139165,100,1482.672895
61.727123,100,1483.616329
87.5577,100,1484.576971
117.763448,100,1485.551897
92.120842,100,1486.533372
35.268655,100,1487.574344
163.157343,100,1488.676744
153.195006,100,1489.684892
111.864515,100,1490.64645
33.853877,100,1491.639175
118.371824,100,1492.628328
161.366321,100,1493.621843
141.780757,100,1494.553041
30.088269,100,1495.445738
51.049092,100,1496.307295
114.971777,100,1497.251391
95.75906,100,1498.077327
125.885881,100,1498.922356
121.81808,100,1499.733663
50.539764,100,1500.530293
49.450679,100,1501.422604
134.189304,100,1502.270027
113.413511,100,1503.141982
95.794345,100,1504.002212
86.197148,100,1504.929137
140.969268,100,1505.825142
174.800211,100,1506.719343
160.259887,100,1507.608015
39.149873,100,1508.51856
168.637935,100,1509.38208
165.827145,100,1510.307001
173.844448,100,1511.206053
132.054867,100,1512.10533
135.085424,100,1512.920331
167.365889,100,1513.796937
148.217211,100,1514.753538
-454.937446,100,1515.632004
-341.393612,100,1516.549629
176.825226,100,1517.443467
137.447354,100,1518.433236
-415.463386,100,1519.334392
145.785985,100,1520.252666
49.991401,100,1521.128884
164.336473,100,1522.012478
-73.945311,100,1522.8417
96.285545,100,1523.685769
68.864475,100,1524.579836
84.296035,100,1525.4772
77.650473,100,1527.056183
124.494267,100,1527.982063
141.11721,100,1528.891835
132.900247,100,1529.822914
80.53259,100,1530.74406
123.737817,100,1531.620346
136.062053,100,1532.579779
155.902627,100,1533.56655
-370.344209,100,1534.640087
120.471448,100,1535.644843
175.390297,100,1536.689667
171.957157,100,1537.653678
74.973997,100,1538.596814
119.864806,100,1539.52354
155.047859,100,1540.605757
-543.143342,100,1541.751429
82.595058,100,1542.801649
-393.099817,100,1543.803129
-44.683486,100,1544.736056
194.353462,100,1545.762551
-421.915977,100,1546.772485
148.103858,100,1547.789993
-395.983083,100,1548.774718
-225.788665,100,1549.774468
161.254305,100,1550.739532
180.1254,100,1551.717767
39.498738,100,1552.629867
102.35584,100,1553.537302
-296.322164,100,1554.376977
25.077266,100,1555.229302
57.597769,100,1556.143301
156.230041,100,1557.070942
-308.105076,100,1557.901028
198.103986,100,1558.794101
77.81453,100,1559.708543
-24.009638,100,1560.667617
-372.93772,100,1561.626821
149.478253,100,1562.543522
166.671713,100,1563.520836
173.698126,100,1564.491989
154.253426,100,1565.588052
152.05695,100,1566.765986
156.401686,100,1567.7632
-32.502134,100,1568.661977
140.430887,100,1569.655584
12.07798,100,1570.582464
84.510469,100,1571.736918
22.689186,100,1573.044278
115.96277,100,1574.425026
-208.602886,100,1575.53539
58.720142,100,1577.227909
55.040309,100,1578.236715
159.819075,100,1579.34247
137.171968,100,1580.795097
54.752154,100,1581.805869
49.878156,100,1582.764095
70.117094,100,1584.368206
-21.679359,100,1586.248707
42.566778,100,1587.395501
126.856992,100,1589.283402
112.272358,100,1590.868346
129.055869,100,1592.241833
91.249131,100,1593.595592
47.888351,100,1595.529854
125.380449,100,1596.562101
-11.322702,100,1597.775172
129.316986,100,1598.993795
131.720997,100,1600.159034
95.199129,100,1601.616111
39.324267,100,1602.74193
100.111133,100,1603.69513
99.187415,100,1604.717433
108.746866,100,1605.770444
81.430505,100,1606.746767
120.422512,100,1608.282309
51.982299,100,1609.491852
88.401224,100,1611.110974
30.602647,100,1613.217414
101.868962,100,1614.940184
67.865655,100,1617.222279
19.086973,100,1619.358414
122.847312,100,1621.125275
62.443759,100,1622.087624
90.954303,100,1623.215757
53.659853,100,1624.505651
41.369671,100,1625.631712
-41.567332,100,1626.78654
33.281218,100,1627.774703
38.930513,100,1628.695706
72.568517,100,1629.598645
64.229857,100,1630.460127
106.592047,100,1631.319676
119.009722,100,1632.138289
118.824914,100,1632.98864
177.170398,100,1633.855328
126.37281,100,1634.715154
151.081798,100,1635.942528
136.249236,100,1637.021373
37.845676,100,1638.182332
73.262233,100,1639.073249
66.945115,100,1640.447872
89.546725,100,1641.302986
82.174404,100,1642.603091
-7.118632,100,1644.129857
94.040859,100,1645.063491
34.478335,100,1645.982968
17.574744,100,1647.193543
-289.51456,100,1648.967784
-40.172279,100,1650.351455
95.910748,100,1651.271199
-111.199004,100,1652.175894
14.994054,100,1653.303258
138.40716,100,1654.90727
62.164297,100,1656.116333
17.890452,100,1657.035886
76.494886,100,1657.967395
-88.325148,100,1658.978188
141.203057,100,1660.311336
75.081536,100,1661.648194
-132.587185,100,1663.124803
-33.924382,100,1664.064725
-64.20109,100,1665.131131
12.716472,100,1666.44025
-20.265998,100,1667.776645
65.861189,100,1669.100672
131.566833,100,1670.013886
16.733413,100,1670.861527
-98.53771,100,1672.038163
55.313529,100,1672.851633
111.387429,100,1674.381199
75.594042,100,1675.449687
157.526481,100,1676.284462
63.049862,100,1677.368416
-448.003625,100,1678.410674
81.33437,100,1679.605757
-459.817508,100,1681.182935
119.434846,100,1682.101025
180.362637,100,1683.0654
-196.40488,100,1684.748749
13.049082,100,1686.246405
177.387611,100,1687.754145
-33.127603,100,1689.03132
138.395714,100,1690.474811
25.449192,100,1691.329574
134.96633,100,1692.237437
-209.536177,100,1693.516389
-330.040317,100,1694.887636
-20.072959,100,1696.600772
140.11443,100,1698.256403
-303.684318,100,1699.18504
151.300375,100,1701.676727
-7.139688,100,1702.7761
102.408729,100,1704.302345
166.624302,100,1705.372608
182.105675,100,1706.472365
143.233409,100,1707.947485
-27.724082,100,1709.514275
-39.002631,100,1710.753231
126.104564,100,1711.623132
92.886092,100,1712.74641
-21.88753,100,1713.912129
144.876433,100,1715.251155
7.984789,100,1717.19551
55.649481,100,1718.881239
-1.65709,100,1719.822639
104.05271,100,1721.291951
64.336583,100,1723.178327
-61.345488,100,1725.065311
-485.012715,100,1726.998003
65.280138,100,1728.137418
178.085161,100,1729.657232
84.861156,100,1731.150133
172.942275,100,1732.540414
-5.147609,100,1734.101058
102.965388,100,1735.931381
43.893789,100,1737.291692
17.77158,100,1738.798838
-55.906818,100,1740.547339
158.783058,100,1743.315412
175.083767,100,1744.477436
30.180469,100,1745.947209
21.625357,100,1747.623897
-393.588815,100,1749.185821
142.308357,100,1750.776451
97.432342,100,1751.961518
4.23087,100,1753.272714
20.100903,100,1755.176211
-403.565965,100,1756.978048
156.098454,100,1758.702848
51.733574,100,1759.83018
170.467111,100,1761.319697
168.882712,100,1763.283805
91.127675,100,1764.420043
29.894508,100,1765.547663
-442.181729,100,1767.030276
205.604255,100,1768.642348
182.465612,100,1770.066905
171.985397,100,1771.372318
72.40928,100,1773.179806
93.879114,100,1774.699345
107.759645,100,1776.944464
114.456762,100,1778.186007
-113.259783,100,1779.513758
-465.502567,100,1781.131791
-33.008214,100,1783.008404
-19.4586,100,1785.162425
-50.548479,100,1787.503586
-71.156304,100,1789.394676
103.579503,100,1790.977171
-254.66789,100,1793.324853
153.381504,100,1795.352619
20.62555,100,1797.107082
-139.762152,100,1798.867771
107.369355,100,1800.652068
96.067856,100,1802.7092
116.315955,100,1804.864324
160.942761,100,1806.44502
-55.65792,100,1807.621567
14.445576,100,1809.116024
142.268422,100,1810.824103
92.312489,100,1812.140952
153.333934,100,1813.984053
114.252953,100,1815.618924
-84.21152,100,1816.77233
124.319871,100,1817.869688
96.098384,100,1819.000155
-86.661281,100,1820.338886
85.137055,100,1821.531402
-112.428449,100,1822.561437
133.267651,100,1823.71705
57.922673,100,1824.936287
-33.494349,100,1826.065122
-32.071438,100,1827.248661
-288.430074,100,1828.55985
79.923545,100,1830.432742
122.107759,100,1831.897181
-379.255964,100,1833.043975
28.602806,100,1834.210461
162.829362,100,1835.443875
-29.561684,100,1837.027149
-81.512204,100,1838.235105
173.645286,100,1839.656428
-41.965227,100,1841.017693
112.147285,100,1842.697013
-62.742566,100,1845.165519
93.334387,100,1846.544894
120.612949,100,1847.994749
-49.946933,100,1849.067467
97.650742,100,1850.675483
146.269785,100,1852.489114
139.470929,100,1855.194155
169.696886,100,1856.491616
109.022926,100,1858.148069
132.18071,100,1859.757519
172.102501,100,1860.722021
85.050337,100,1862.099212
168.938511,100,1863.809469
109.675759,100,1866.250948
139.149351,100,1868.61212
194.282274,100,1869.735508
147.462679,100,1871.129101
171.213727,100,1872.486143
8.909776,100,1873.787822
-33.515681,100,1875.06573
-17.579635,100,1876.348449
45.339032,100,1877.689001
-62.440713,100,1879.015833
175.417532,100,1880.325757
86.816129,100,1881.708744
160.487398,100,1883.990968
116.294415,100,1886.102081
195.083468,100,1887.582902
47.882533,100,1889.396248
121.931562,100,1891.030053
32.130496,100,1892.448741
70.293079,100,1893.629556
139.971666,100,1894.732198
193.836197,100,1895.786836
122.325871,100,1896.856594
-293.741932,100,1897.945203
158.54664,100,1899.695968
181.064063,100,1901.887525
-296.068886,100,1903.778326
187.570336,100,1905.303535
130.480019,100,1908.08453
-93.960813,100,1909.205522
-27.552492,100,1910.737591
187.59743,100,1911.989856
161.685421,100,1913.610232
165.383011,100,1915.135398
189.368912,100,1917.365942
147.278217,100,1919.303555
141.927458,100,1921.483859
158.331644,100,1923.824146
163.101613,100,1925.674746
210.710136,100,1927.048511
192.31268,100,1928.271259
-42.80718,100,1929.463264
163.981612,100,1930.981651
127.590008,100,1932.167336
105.871654,100,1934.287377
157.430572,100,1935.616916
133.933114,100,1936.941817
153.52893,100,1938.15345
37.396991,100,1939.564396
135.123683,100,1941.370576
160.385946,100,1942.884274
156.68964,100,1944.068381
124.954807,100,1945.918133
-10.008401,100,1947.585574
40.928798,100,1949.075333
108.41954,100,1950.166398
94.932444,100,1951.516396
23.637744,100,1952.699791
46.092568,100,1954.018294
24.363592,100,1955.640529
109.378555,100,1957.604376
143.089327,100,1959.643574
144.304758,100,1961.703406
156.918445,100,1963.548547
87.50149,100,1965.053709
124.633219,100,1966.389986
132.498985,100,1969.066371
152.654617,100,1970.919442
180.395758,100,1973.349667
92.996111,100,1975.077884
32.837082,100,1976.993164
176.637012,100,1979.789633
104.725264,100,1981.554191
167.80109,100,1982.832153
159.281147,100,1984.575342
132.609574,100,1985.96587
128.313434,100,1987.378243
126.814831,100,1989.703797
161.447706,100,1991.257008
77.209287,100,1992.621513
-329.352738,100,1994.24068
176.623585,100,1995.810606
177.261839,100,1997.27924
167.845256,100,1998.81593
-351.846486,100,2000.360465
117.005765,100,2002.344646
108.083862,100,2004.288236
175.169105,100,2006.821667
160.000424,100,2009.301512
214.225863,100,2011.739825
-27.176764,100,2013.376752
105.734652,100,2014.771227
143.774833,100,2016.268198
158.546428,100,2017.992551
147.057778,100,2019.709337
150.326611,100,2019.967715
-215.605002,100,2020.170556
-417.385376,100,2020.421463
182.966894,100,2020.968236
81.723662,100,2021.197706
125.931279,100,2021.418137
140.595408,100,2021.64541
159.144023,100,2021.883791
105.49228,100,2022.122645
